rcept_no,rcept_dt,split,t1,t2
20190131000001,20190131,train,자기주식취득,주가안정·주주가치
20190128000203,20190128,train,자기주식취득,주가안정·주주가치
20190124000253,20190124,train,자기주식취득,주가안정·주주가치
20190117000193,20190117,train,자기주식취득,주가안정·주주가치
20190115000187,20190115,train,자기주식취득,주가안정·주주가치
20190110000552,20190110,train,자기주식취득,기타
20190109000121,20190109,train,자기주식취득,주가안정·주주가치
20190107000032,20190107,train,자기주식취득,주가안정·주주가치
20190227003946,20190227,train,자기주식취득,주가안정·주주가치
20190227003128,20190227,train,자기주식취득,주가안정·주주가치
20190226002667,20190226,train,자기주식취득,주가안정·주주가치
20190222001766,20190222,train,자기주식취득,임직원 보상
20190222001218,20190222,train,자기주식취득,기타
20190222000258,20190222,train,자기주식취득,주가안정·주주가치
20190220001361,20190220,train,자기주식취득,소각
20190220001028,20190220,train,자기주식취득,소각
20190220000782,20190220,train,자기주식취득,주가안정·주주가치
20190220000538,20190220,train,자기주식취득,주가안정·주주가치
20190220000352,20190220,train,자기주식취득,주가안정·주주가치
20190220000351,20190220,train,자기주식취득,주가안정·주주가치
20190219000174,20190219,train,자기주식취득,주가안정·주주가치
20190215000126,20190215,train,자기주식취득,기타
20190212000453,20190212,train,자기주식취득,주가안정·주주가치
20190211000355,20190211,train,자기주식취득,주가안정·주주가치
20190207000390,20190207,train,자기주식취득,주가안정·주주가치
20190326000967,20190326,train,자기주식취득,소각
20190320000387,20190320,train,자기주식취득,주가안정·주주가치
20190320000190,20190320,train,자기주식취득,주가안정·주주가치
20190311001093,20190312,train,자기주식취득,소각
20190308000805,20190308,train,자기주식취득,주가안정·주주가치
20190307000280,20190307,train,자기주식취득,주가안정·주주가치
20190430000801,20190430,train,자기주식취득,임직원 보상
20190429000298,20190429,train,자기주식취득,주가안정·주주가치
20190426000594,20190426,train,자기주식취득,주가안정·주주가치
20190425000506,20190425,train,자기주식취득,기타
20190425000346,20190425,train,자기주식취득,주가안정·주주가치
20190417000236,20190417,train,자기주식취득,주가안정·주주가치
20190410002038,20190410,train,자기주식취득,소각
20190409002108,20190409,train,자기주식취득,주가안정·주주가치
20190405001954,20190405,train,자기주식취득,주가안정·주주가치
20190531000558,20190531,train,자기주식취득,주가안정·주주가치
20190530000608,20190530,train,자기주식취득,소각
20190530000213,20190530,train,자기주식취득,주가안정·주주가치
20190523000295,20190523,train,자기주식취득,주가안정·주주가치
20190522000245,20190522,train,자기주식취득,주가안정·주주가치
20190521000466,20190521,train,자기주식취득,주가안정·주주가치
20190520000192,20190520,train,자기주식취득,기타
20190520000146,20190520,train,자기주식취득,주가안정·주주가치
20190513000272,20190513,train,자기주식취득,주가안정·주주가치
20190510000375,20190510,train,자기주식취득,주가안정·주주가치
20190509000356,20190509,train,자기주식취득,주가안정·주주가치
20190509000290,20190509,train,자기주식취득,주가안정·주주가치
20190509000271,20190509,train,자기주식취득,소각
20190617000330,20190617,train,자기주식취득,주가안정·주주가치
20190614000287,20190614,train,자기주식취득,임직원 보상
20190614000150,20190614,train,자기주식취득,기타
20190730000032,20190730,train,자기주식취득,주가안정·주주가치
20190726000377,20190726,train,자기주식취득,기타
20190725000065,20190725,train,자기주식취득,주가안정·주주가치
20190724000351,20190724,train,자기주식취득,주가안정·주주가치
20190724000236,20190724,train,자기주식취득,주가안정·주주가치
20190723000242,20190723,train,자기주식취득,주가안정·주주가치
20190712000082,20190712,train,자기주식취득,주가안정·주주가치
20190711000341,20190711,train,자기주식취득,임직원 보상
20190710000282,20190710,train,자기주식취득,주가안정·주주가치
20190709000016,20190709,train,자기주식취득,주가안정·주주가치
20190828000476,20190828,train,자기주식취득,주가안정·주주가치
20190828000248,20190828,train,자기주식취득,주가안정·주주가치
20190828000015,20190828,train,자기주식취득,주가안정·주주가치
20190826000241,20190826,train,자기주식취득,주가안정·주주가치
20190822000311,20190822,train,자기주식취득,주가안정·주주가치
20190816000255,20190816,train,자기주식취득,주가안정·주주가치
20190813000230,20190813,train,자기주식취득,주가안정·주주가치
20190813000028,20190813,train,자기주식취득,주가안정·주주가치
20190809000230,20190809,train,자기주식취득,기타
20190808000240,20190808,train,자기주식취득,주가안정·주주가치
20190808000111,20190808,train,자기주식취득,주가안정·주주가치
20190806000218,20190806,train,자기주식취득,주가안정·주주가치
20190806000110,20190806,train,자기주식취득,주가안정·주주가치
20190930000207,20190930,train,자기주식취득,기타
20190925000692,20190925,train,자기주식취득,주가안정·주주가치
20190923001609,20190923,train,자기주식취득,주가안정·주주가치
20190911000471,20190911,train,자기주식취득,주가안정·주주가치
20190909000895,20190909,train,자기주식취득,주가안정·주주가치
20190909000359,20190909,train,자기주식취득,주가안정·주주가치
20191029000435,20191029,train,자기주식취득,소각
20191028000215,20191028,train,자기주식취득,주가안정·주주가치
20191024000248,20191024,train,자기주식취득,임직원 보상
20191023000404,20191023,train,자기주식취득,기타
20191016000253,20191016,train,자기주식취득,임직원 보상
20191010000437,20191010,train,자기주식취득,주가안정·주주가치
20191008000130,20191008,train,자기주식취득,기타
20191007000286,20191007,train,자기주식취득,주가안정·주주가치
20191001000154,20191001,train,자기주식취득,임직원 보상
20191001000137,20191001,train,자기주식취득,주가안정·주주가치
20191001000091,20191001,train,자기주식취득,주가안정·주주가치
20191128000742,20191128,train,자기주식취득,주가안정·주주가치
20191127000137,20191127,train,자기주식취득,주가안정·주주가치
20191127000003,20191127,train,자기주식취득,기타
20191126000157,20191126,train,자기주식취득,주가안정·주주가치
20191125000323,20191125,train,자기주식취득,소각
20191119000075,20191119,train,자기주식취득,주가안정·주주가치
20191115000271,20191115,train,자기주식취득,기타
20191113000486,20191113,train,자기주식취득,주가안정·주주가치
20191113000555,20191113,train,자기주식취득,주가안정·주주가치
20191108000291,20191108,train,자기주식취득,주가안정·주주가치
20191106000248,20191106,train,자기주식취득,주가안정·주주가치
20191219000069,20191219,train,자기주식취득,임직원 보상
20191218000380,20191218,train,자기주식취득,주가안정·주주가치
20191218000259,20191218,train,자기주식취득,기타
20191217000146,20191217,train,자기주식취득,소각
20191213000476,20191213,train,자기주식취득,임직원 보상
20191210000077,20191210,train,자기주식취득,주가안정·주주가치
20191209000238,20191209,train,자기주식취득,주가안정·주주가치
20191209000104,20191209,train,자기주식취득,임직원 보상
20191209000079,20191209,train,자기주식취득,주가안정·주주가치
20191206000322,20191206,train,자기주식취득,소각
20191205000190,20191205,train,자기주식취득,주가안정·주주가치
20191204000282,20191204,train,자기주식취득,주가안정·주주가치
20191204000063,20191204,train,자기주식취득,주가안정·주주가치
20200131000245,20200131,train,자기주식취득,주가안정·주주가치
20200131000207,20200131,train,자기주식취득,주가안정·주주가치
20200130000417,20200130,train,자기주식취득,주가안정·주주가치
20200130000309,20200130,train,자기주식취득,주가안정·주주가치
20200130000001,20200130,train,자기주식취득,소각
20200123000272,20200123,train,자기주식취득,주가안정·주주가치
20200121000192,20200121,train,자기주식취득,주가안정·주주가치
20200115000434,20200115,train,자기주식취득,기타
20200115000163,20200115,train,자기주식취득,주가안정·주주가치
20200110000363,20200110,train,자기주식취득,주가안정·주주가치
20200108000481,20200108,train,자기주식취득,주가안정·주주가치
20200108000021,20200108,train,자기주식취득,소각
20200107000409,20200107,train,자기주식취득,주가안정·주주가치
20200102000361,20200102,train,자기주식취득,임직원 보상
20200102000347,20200102,train,자기주식취득,임직원 보상
20200228005287,20200228,train,자기주식취득,주가안정·주주가치
20200228001461,20200228,train,자기주식취득,주가안정·주주가치
20200227004092,20200227,train,자기주식취득,주가안정·주주가치
20200227003439,20200227,train,자기주식취득,기타
20200226000348,20200226,train,자기주식취득,주가안정·주주가치
20200225001530,20200225,train,자기주식취득,주가안정·주주가치
20200224002100,20200224,train,자기주식취득,주가안정·주주가치
20200224001269,20200224,train,자기주식취득,주가안정·주주가치
20200221000775,20200221,train,자기주식취득,소각
20200220000860,20200220,train,자기주식취득,주가안정·주주가치
20200220000687,20200220,train,자기주식취득,소각
20200220000012,20200220,train,자기주식취득,주가안정·주주가치
20200217000338,20200217,train,자기주식취득,주가안정·주주가치
20200213000426,20200213,train,자기주식취득,주가안정·주주가치
20200211000431,20200211,train,자기주식취득,임직원 보상
20200211000081,20200211,train,자기주식취득,임직원 보상
20200210000487,20200210,train,자기주식취득,주가안정·주주가치
20200207000374,20200207,train,자기주식취득,주가안정·주주가치
20200206000137,20200206,train,자기주식취득,소각
20200205000370,20200205,train,자기주식취득,주가안정·주주가치
20200204000234,20200204,train,자기주식취득,기타
20200331002326,20200331,train,자기주식취득,주가안정·주주가치
20200331000817,20200331,train,자기주식취득,주가안정·주주가치
20200330003473,20200330,train,자기주식취득,주가안정·주주가치
20200330002146,20200330,train,자기주식취득,주가안정·주주가치
20200327002165,20200330,train,자기주식취득,주가안정·주주가치
20200327001924,20200327,train,자기주식취득,주가안정·주주가치
20200327001829,20200327,train,자기주식취득,주가안정·주주가치
20200327001624,20200327,train,자기주식취득,주가안정·주주가치
20200327000048,20200327,train,자기주식취득,주가안정·주주가치
20200327000004,20200327,train,자기주식취득,주가안정·주주가치
20200326001234,20200326,train,자기주식취득,소각
20200326000997,20200326,train,자기주식취득,주가안정·주주가치
20200326000947,20200326,train,자기주식취득,주가안정·주주가치
20200326000544,20200326,train,자기주식취득,소각
20200326000512,20200326,train,자기주식취득,주가안정·주주가치
20200326000415,20200326,train,자기주식취득,주가안정·주주가치
20200326000340,20200326,train,자기주식취득,주가안정·주주가치
20200325001182,20200325,train,자기주식취득,주가안정·주주가치
20200325001010,20200325,train,자기주식취득,주가안정·주주가치
20200325000880,20200325,train,자기주식취득,임직원 보상
20200325000709,20200325,train,자기주식취득,소각
20200325000718,20200325,train,자기주식취득,주가안정·주주가치
20200325000681,20200325,train,자기주식취득,주가안정·주주가치
20200325000442,20200325,train,자기주식취득,주가안정·주주가치
20200325000249,20200325,train,자기주식취득,소각
20200324000962,20200324,train,자기주식취득,주가안정·주주가치
20200324000898,20200324,train,자기주식취득,주가안정·주주가치
20200324000813,20200324,train,자기주식취득,주가안정·주주가치
20200324000779,20200324,train,자기주식취득,주가안정·주주가치
20200324000747,20200324,train,자기주식취득,주가안정·주주가치
20200323000951,20200323,train,자기주식취득,임직원 보상
20200323000589,20200323,train,자기주식취득,주가안정·주주가치
20200323000528,20200323,train,자기주식취득,주가안정·주주가치
20200323000533,20200323,train,자기주식취득,주가안정·주주가치
20200323000300,20200323,train,자기주식취득,주가안정·주주가치
20200323000295,20200323,train,자기주식취득,주가안정·주주가치
20200323000223,20200323,train,자기주식취득,주가안정·주주가치
20200323000209,20200323,train,자기주식취득,임직원 보상
20200323000211,20200323,train,자기주식취득,주가안정·주주가치
20200323000092,20200323,train,자기주식취득,주가안정·주주가치
20200323000030,20200323,train,자기주식취득,주가안정·주주가치
20200320000908,20200320,train,자기주식취득,기타
20200320000785,20200320,train,자기주식취득,주가안정·주주가치
20200320000786,20200320,train,자기주식취득,주가안정·주주가치
20200320000747,20200320,train,자기주식취득,주가안정·주주가치
20200320000722,20200320,train,자기주식취득,주가안정·주주가치
20200320000620,20200320,train,자기주식취득,주가안정·주주가치
20200320000566,20200320,train,자기주식취득,주가안정·주주가치
20200320000472,20200320,train,자기주식취득,주가안정·주주가치
20200320000354,20200320,train,자기주식취득,주가안정·주주가치
20200320000288,20200320,train,자기주식취득,주가안정·주주가치
20200320000263,20200320,train,자기주식취득,주가안정·주주가치
20200320000228,20200320,train,자기주식취득,주가안정·주주가치
20200320000202,20200320,train,자기주식취득,소각
20200319001088,20200319,train,자기주식취득,주가안정·주주가치
20200319000999,20200319,train,자기주식취득,주가안정·주주가치
20200319000969,20200319,train,자기주식취득,주가안정·주주가치
20200319000959,20200319,train,자기주식취득,주가안정·주주가치
20200319000904,20200319,train,자기주식취득,주가안정·주주가치
20200319000934,20200319,train,자기주식취득,주가안정·주주가치
20200319000857,20200319,train,자기주식취득,주가안정·주주가치
20200319000914,20200319,train,자기주식취득,주가안정·주주가치
20200319000883,20200319,train,자기주식취득,주가안정·주주가치
20200319000718,20200319,train,자기주식취득,주가안정·주주가치
20200319000565,20200319,train,자기주식취득,주가안정·주주가치
20200319000567,20200319,train,자기주식취득,주가안정·주주가치
20200319000543,20200319,train,자기주식취득,주가안정·주주가치
20200319000521,20200319,train,자기주식취득,임직원 보상
20200319000433,20200319,train,자기주식취득,주가안정·주주가치
20200319000331,20200319,train,자기주식취득,주가안정·주주가치
20200319000284,20200319,train,자기주식취득,주가안정·주주가치
20200318000821,20200318,train,자기주식취득,주가안정·주주가치
20200318000533,20200318,train,자기주식취득,주가안정·주주가치
20200318000521,20200318,train,자기주식취득,주가안정·주주가치
20200318000409,20200318,train,자기주식취득,주가안정·주주가치
20200318000319,20200318,train,자기주식취득,임직원 보상
20200318000241,20200318,train,자기주식취득,주가안정·주주가치
20200317000780,20200317,train,자기주식취득,임직원 보상
20200317000649,20200317,train,자기주식취득,주가안정·주주가치
20200317000625,20200317,train,자기주식취득,주가안정·주주가치
20200317000578,20200317,train,자기주식취득,주가안정·주주가치
20200317000505,20200317,train,자기주식취득,주가안정·주주가치
20200317000499,20200317,train,자기주식취득,주가안정·주주가치
20200317000316,20200317,train,자기주식취득,주가안정·주주가치
20200317000277,20200317,train,자기주식취득,주가안정·주주가치
20200317000238,20200317,train,자기주식취득,주가안정·주주가치
20200317000170,20200317,train,자기주식취득,주가안정·주주가치
20200317000155,20200317,train,자기주식취득,주가안정·주주가치
20200317000145,20200317,train,자기주식취득,주가안정·주주가치
20200317000056,20200317,train,자기주식취득,주가안정·주주가치
20200316000843,20200317,train,자기주식취득,주가안정·주주가치
20200316000552,20200316,train,자기주식취득,주가안정·주주가치
20200316000523,20200316,train,자기주식취득,주가안정·주주가치
20200316000401,20200316,train,자기주식취득,주가안정·주주가치
20200316000302,20200316,train,자기주식취득,주가안정·주주가치
20200316000254,20200316,train,자기주식취득,주가안정·주주가치
20200316000140,20200316,train,자기주식취득,주가안정·주주가치
20200316000146,20200316,train,자기주식취득,주가안정·주주가치
20200316000093,20200316,train,자기주식취득,소각
20200313000816,20200313,train,자기주식취득,주가안정·주주가치
20200313000786,20200313,train,자기주식취득,주가안정·주주가치
20200313000747,20200313,train,자기주식취득,주가안정·주주가치
20200313000575,20200313,train,자기주식취득,소각
20200313000517,20200313,train,자기주식취득,주가안정·주주가치
20200313000444,20200313,train,자기주식취득,주가안정·주주가치
20200313000225,20200313,train,자기주식취득,주가안정·주주가치
20200313000197,20200313,train,자기주식취득,주가안정·주주가치
20200312001239,20200312,train,자기주식취득,주가안정·주주가치
20200312000574,20200312,train,자기주식취득,주가안정·주주가치
20200312000515,20200312,train,자기주식취득,주가안정·주주가치
20200312000059,20200312,train,자기주식취득,주가안정·주주가치
20200311000735,20200311,train,자기주식취득,주가안정·주주가치
20200311000691,20200311,train,자기주식취득,주가안정·주주가치
20200311000462,20200311,train,자기주식취득,주가안정·주주가치
20200311000443,20200311,train,자기주식취득,주가안정·주주가치
20200309000143,20200309,train,자기주식취득,소각
20200306000783,20200306,train,자기주식취득,주가안정·주주가치
20200306000684,20200306,train,자기주식취득,주가안정·주주가치
20200306000483,20200306,train,자기주식취득,주가안정·주주가치
20200306000229,20200306,train,자기주식취득,기타
20200306000181,20200306,train,자기주식취득,주가안정·주주가치
20200305000562,20200305,train,자기주식취득,주가안정·주주가치
20200305000480,20200305,train,자기주식취득,주가안정·주주가치
20200304000793,20200304,train,자기주식취득,주가안정·주주가치
20200304000479,20200304,train,자기주식취득,주가안정·주주가치
20200303000134,20200303,train,자기주식취득,주가안정·주주가치
20200303000031,20200303,train,자기주식취득,주가안정·주주가치
20200302000335,20200302,train,자기주식취득,주가안정·주주가치
20200302000125,20200302,train,자기주식취득,주가안정·주주가치
20200424000653,20200424,train,자기주식취득,주가안정·주주가치
20200423000223,20200423,train,자기주식취득,기타
20200422000435,20200422,train,자기주식취득,주가안정·주주가치
20200422000022,20200422,train,자기주식취득,주가안정·주주가치
20200421000410,20200421,train,자기주식취득,기타
20200421000282,20200421,train,자기주식취득,주가안정·주주가치
20200421000206,20200421,train,자기주식취득,주가안정·주주가치
20200421000177,20200421,train,자기주식취득,소각
20200417000168,20200417,train,자기주식취득,기타
20200410003401,20200410,train,자기주식취득,주가안정·주주가치
20200409002047,20200409,train,자기주식취득,주가안정·주주가치
20200409002011,20200409,train,자기주식취득,주가안정·주주가치
20200408002612,20200408,train,자기주식취득,소각
20200408001889,20200408,train,자기주식취득,소각
20200408000864,20200408,train,자기주식취득,기타
20200408000630,20200408,train,자기주식취득,주가안정·주주가치
20200407002421,20200407,train,자기주식취득,주가안정·주주가치
20200406003000,20200406,train,자기주식취득,주가안정·주주가치
20200406002673,20200406,train,자기주식취득,임직원 보상
20200406002185,20200406,train,자기주식취득,주가안정·주주가치
20200401002461,20200401,train,자기주식취득,주가안정·주주가치
20200527000398,20200527,train,자기주식취득,주가안정·주주가치
20200626000093,20200626,train,자기주식취득,임직원 보상
20200622000189,20200622,train,자기주식취득,기타
20200619000220,20200619,train,자기주식취득,주가안정·주주가치
20200615000151,20200615,train,자기주식취득,소각
20200605000180,20200605,train,자기주식취득,주가안정·주주가치
20200730000240,20200730,train,자기주식취득,주가안정·주주가치
20200721000254,20200721,train,자기주식취득,주가안정·주주가치
20200716000154,20200716,train,자기주식취득,주가안정·주주가치
20200714000249,20200714,train,자기주식취득,주가안정·주주가치
20200714000246,20200714,train,자기주식취득,주가안정·주주가치
20200708000212,20200708,train,자기주식취득,주가안정·주주가치
20200702000002,20200702,train,자기주식취득,기타
20200828000524,20200828,train,자기주식취득,임직원 보상
20200825000325,20200825,train,자기주식취득,주가안정·주주가치
20200821000355,20200821,train,자기주식취득,임직원 보상
20200818000121,20200818,train,자기주식취득,주가안정·주주가치
20200813000594,20200813,train,자기주식취득,주가안정·주주가치
20200812000237,20200812,train,자기주식취득,주가안정·주주가치
20200811000095,20200811,train,자기주식취득,기타
20200810000105,20200810,train,자기주식취득,주가안정·주주가치
20200806000001,20200806,train,자기주식취득,주가안정·주주가치
20200805000062,20200805,train,자기주식취득,임직원 보상
20200929000371,20200929,train,자기주식취득,소각
20200929000140,20200929,train,자기주식취득,주가안정·주주가치
20200923000207,20200923,train,자기주식취득,주가안정·주주가치
20200922000344,20200922,train,자기주식취득,주가안정·주주가치
20200914000074,20200914,train,자기주식취득,소각
20200903000109,20200903,train,자기주식취득,임직원 보상
20201029000223,20201029,train,자기주식취득,주가안정·주주가치
20201028000129,20201028,train,자기주식취득,주가안정·주주가치
20201026000297,20201026,train,자기주식취득,임직원 보상
20201021000265,20201021,train,자기주식취득,소각
20201021000237,20201021,train,자기주식취득,주가안정·주주가치
20201021000139,20201021,train,자기주식취득,소각
20201013000284,20201013,train,자기주식취득,주가안정·주주가치
20201013000050,20201013,train,자기주식취득,주가안정·주주가치
20201119000327,20201119,train,자기주식취득,기타
20201116000391,20201116,train,자기주식취득,주가안정·주주가치
20201113000001,20201113,train,자기주식취득,주가안정·주주가치
20201103000250,20201103,train,자기주식취득,주가안정·주주가치
20201102000349,20201102,train,자기주식취득,주가안정·주주가치
20201230000602,20201230,train,자기주식취득,임직원 보상
20201230000295,20201230,train,자기주식취득,기타
20201223000558,20201223,train,자기주식취득,주가안정·주주가치
20201223000480,20201223,train,자기주식취득,주가안정·주주가치
20201218000374,20201218,train,자기주식취득,주가안정·주주가치
20201214000523,20201215,train,자기주식취득,기타
20201214000209,20201214,train,자기주식취득,주가안정·주주가치
20210128000357,20210128,train,자기주식취득,주가안정·주주가치
20210125000105,20210125,train,자기주식취득,주가안정·주주가치
20210119000045,20210119,train,자기주식취득,임직원 보상
20210114000207,20210114,train,자기주식취득,기타
20210107000361,20210107,train,자기주식취득,임직원 보상
20210226006290,20210226,train,자기주식취득,주가안정·주주가치
20210226003105,20210226,train,자기주식취득,기타
20210226001981,20210226,train,자기주식취득,임직원 보상
20210226001839,20210226,train,자기주식취득,소각
20210225003037,20210225,train,자기주식취득,주가안정·주주가치
20210224003920,20210224,train,자기주식취득,주가안정·주주가치
20210224002494,20210224,train,자기주식취득,주가안정·주주가치
20210224001317,20210224,train,자기주식취득,기타
20210218001116,20210218,train,자기주식취득,주가안정·주주가치
20210218000619,20210218,train,자기주식취득,임직원 보상
20210210001126,20210210,train,자기주식취득,주가안정·주주가치
20210210000802,20210210,train,자기주식취득,주가안정·주주가치
20210208000618,20210208,train,자기주식취득,주가안정·주주가치
20210208000518,20210208,train,자기주식취득,주가안정·주주가치
20210208000097,20210208,train,자기주식취득,소각
20210204000427,20210204,train,자기주식취득,주가안정·주주가치
20210202000280,20210202,train,자기주식취득,주가안정·주주가치
20210201000204,20210201,train,자기주식취득,주가안정·주주가치
20210331001534,20210331,train,자기주식취득,주가안정·주주가치
20210331001451,20210331,train,자기주식취득,주가안정·주주가치
20210331001241,20210331,train,자기주식취득,기타
20210330000602,20210330,train,자기주식취득,임직원 보상
20210329001204,20210329,train,자기주식취득,주가안정·주주가치
20210329001189,20210329,train,자기주식취득,주가안정·주주가치
20210325000255,20210325,train,자기주식취득,소각
20210323000195,20210323,train,자기주식취득,주가안정·주주가치
20210319001362,20210319,train,자기주식취득,임직원 보상
20210312000690,20210312,train,자기주식취득,주가안정·주주가치
20210308000445,20210308,train,자기주식취득,주가안정·주주가치
20210305000117,20210305,train,자기주식취득,주가안정·주주가치
20210304000316,20210304,train,자기주식취득,주가안정·주주가치
20210304000252,20210304,train,자기주식취득,주가안정·주주가치
20210302002821,20210302,train,자기주식취득,주가안정·주주가치
20210428000507,20210428,train,자기주식취득,임직원 보상
20210428000189,20210428,train,자기주식취득,기타
20210421000330,20210421,train,자기주식취득,주가안정·주주가치
20210412001124,20210412,train,자기주식취득,주가안정·주주가치
20210409001570,20210409,train,자기주식취득,주가안정·주주가치
20210401001254,20210401,train,자기주식취득,주가안정·주주가치
20210531000233,20210531,train,자기주식취득,주가안정·주주가치
20210528000040,20210528,train,자기주식취득,주가안정·주주가치
20210526000057,20210526,train,자기주식취득,주가안정·주주가치
20210525000114,20210525,train,자기주식취득,주가안정·주주가치
20210525000087,20210525,train,자기주식취득,주가안정·주주가치
20210520000164,20210520,train,자기주식취득,주가안정·주주가치
20210518000074,20210518,train,자기주식취득,주가안정·주주가치
20210517001186,20210517,train,자기주식취득,주가안정·주주가치
20210517000668,20210517,train,자기주식취득,기타
20210514000599,20210514,train,자기주식취득,주가안정·주주가치
20210512000494,20210512,train,자기주식취득,주가안정·주주가치
20210510000309,20210510,train,자기주식취득,주가안정·주주가치
20210507000491,20210507,train,자기주식취득,주가안정·주주가치
20210504000268,20210504,train,자기주식취득,주가안정·주주가치
20210625000001,20210625,train,자기주식취득,주가안정·주주가치
20210609000422,20210609,train,자기주식취득,임직원 보상
20210609000331,20210609,train,자기주식취득,기타
20210727000398,20210728,train,자기주식취득,주가안정·주주가치
20210726000041,20210726,train,자기주식취득,임직원 보상
20210723000174,20210723,train,자기주식취득,주가안정·주주가치
20210721000078,20210721,train,자기주식취득,주가안정·주주가치
20210714000375,20210714,train,자기주식취득,주가안정·주주가치
20210709000088,20210709,train,자기주식취득,임직원 보상
20210708000169,20210708,train,자기주식취득,주가안정·주주가치
20210705000170,20210705,train,자기주식취득,주가안정·주주가치
20210831000468,20210831,train,자기주식취득,주가안정·주주가치
20210830000892,20210830,train,자기주식취득,기타
20210830000107,20210830,train,자기주식취득,임직원 보상
20210826000214,20210826,train,자기주식취득,기타
20210826000109,20210826,train,자기주식취득,주가안정·주주가치
20210823000238,20210823,train,자기주식취득,주가안정·주주가치
20210823000133,20210823,train,자기주식취득,주가안정·주주가치
20210823000004,20210823,train,자기주식취득,주가안정·주주가치
20210820000237,20210820,train,자기주식취득,주가안정·주주가치
20210818000176,20210818,train,자기주식취득,주가안정·주주가치
20210818000012,20210818,train,자기주식취득,임직원 보상
20210817002103,20210817,train,자기주식취득,주가안정·주주가치
20210817000398,20210817,train,자기주식취득,주가안정·주주가치
20210813001030,20210813,train,자기주식취득,주가안정·주주가치
20210805000166,20210805,train,자기주식취득,주가안정·주주가치
20210927000040,20210927,train,자기주식취득,주가안정·주주가치
20210916000249,20210916,train,자기주식취득,주가안정·주주가치
20210915000259,20210915,train,자기주식취득,주가안정·주주가치
20210914000114,20210914,train,자기주식취득,주가안정·주주가치
20210913000067,20210913,train,자기주식취득,소각
20210910000127,20210910,train,자기주식취득,임직원 보상
20210907000147,20210907,train,자기주식취득,주가안정·주주가치
20210903000047,20210903,train,자기주식취득,임직원 보상
20210903000011,20210903,train,자기주식취득,주가안정·주주가치
20211027000308,20211027,train,자기주식취득,기타
20211029000472,20211029,train,자기주식취득,
20211021000113,20211021,train,자기주식취득,주가안정·주주가치
20211014000352,20211014,train,자기주식취득,주가안정·주주가치
20211014000119,20211014,train,자기주식취득,주가안정·주주가치
20211013000443,20211013,train,자기주식취득,주가안정·주주가치
20211013000261,20211013,train,자기주식취득,주가안정·주주가치
20211013000064,20211013,train,자기주식취득,주가안정·주주가치
20211008000201,20211008,train,자기주식취득,주가안정·주주가치
20211008000197,20211008,train,자기주식취득,주가안정·주주가치
20211007000436,20211007,train,자기주식취득,기타
20211006000257,20211006,train,자기주식취득,주가안정·주주가치
20211006000190,20211006,train,자기주식취득,주가안정·주주가치
20211005000020,20211005,train,자기주식취득,주가안정·주주가치
20211001000422,20211001,train,자기주식취득,기타
20211001000091,20211001,train,자기주식취득,주가안정·주주가치
20211124000080,20211124,train,자기주식취득,주가안정·주주가치
20211123000321,20211123,train,자기주식취득,임직원 보상
20211122000312,20211122,train,자기주식취득,주가안정·주주가치
20211119000192,20211119,train,자기주식취득,주가안정·주주가치
20211118000168,20211118,train,자기주식취득,주가안정·주주가치
20211118000133,20211118,train,자기주식취득,
20211118000036,20211118,train,자기주식취득,주가안정·주주가치
20211117000189,20211117,train,자기주식취득,주가안정·주주가치
20211111000138,20211111,train,자기주식취득,주가안정·주주가치
20211110000195,20211110,train,자기주식취득,주가안정·주주가치
20211108000292,20211108,train,자기주식취득,주가안정·주주가치
20211108000078,20211108,train,자기주식취득,주가안정·주주가치
20211104000178,20211104,train,자기주식취득,주가안정·주주가치
20211104000028,20211104,train,자기주식취득,주가안정·주주가치
20211103000329,20211103,train,자기주식취득,주가안정·주주가치
20211103000163,20211103,train,자기주식취득,주가안정·주주가치
20211102000289,20211102,train,자기주식취득,주가안정·주주가치
20211101000173,20211101,train,자기주식취득,주가안정·주주가치
20211230000276,20211230,train,자기주식취득,기타
20211228000522,20211228,train,자기주식취득,주가안정·주주가치
20211228000464,20211228,train,자기주식취득,주가안정·주주가치
20211210000301,20211210,train,자기주식취득,주가안정·주주가치
20211207000292,20211207,train,자기주식취득,주가안정·주주가치
20211207000252,20211207,train,자기주식취득,소각
20211203000151,20211203,train,자기주식취득,임직원 보상
20211202000105,20211202,train,자기주식취득,주가안정·주주가치
20211201000044,20211201,train,자기주식취득,주가안정·주주가치
20220128000553,20220128,train,자기주식취득,주가안정·주주가치
20220127000239,20220127,train,자기주식취득,주가안정·주주가치
20220127000113,20220127,train,자기주식취득,주가안정·주주가치
20220127000084,20220127,train,자기주식취득,주가안정·주주가치
20220126000197,20220126,train,자기주식취득,주가안정·주주가치
20220121000287,20220121,train,자기주식취득,소각
20220119000429,20220120,train,자기주식취득,기타
20220119000086,20220119,train,자기주식취득,주가안정·주주가치
20220117000049,20220117,train,자기주식취득,임직원 보상
20220110000155,20220110,train,자기주식취득,주가안정·주주가치
20220110000154,20220110,train,자기주식취득,주가안정·주주가치
20220228004797,20220228,train,자기주식취득,주가안정·주주가치
20220225006620,20220225,train,자기주식취득,주가안정·주주가치
20220225004061,20220225,train,자기주식취득,임직원 보상
20220225002066,20220225,train,자기주식취득,주가안정·주주가치
20220221000982,20220221,train,자기주식취득,주가안정·주주가치
20220218001612,20220218,train,자기주식취득,주가안정·주주가치
20220218001283,20220218,train,자기주식취득,주가안정·주주가치
20220217000899,20220217,train,자기주식취득,임직원 보상
20220217000622,20220217,train,자기주식취득,주가안정·주주가치
20220215000604,20220215,train,자기주식취득,주가안정·주주가치
20220210000413,20220210,train,자기주식취득,임직원 보상
20220210000018,20220210,train,자기주식취득,주가안정·주주가치
20220209000571,20220209,train,자기주식취득,기타
20220209000435,20220209,train,자기주식취득,주가안정·주주가치
20220208000545,20220208,train,자기주식취득,기타
20220208000527,20220208,train,자기주식취득,주가안정·주주가치
20220207000346,20220207,train,자기주식취득,주가안정·주주가치
20220204000136,20220204,train,자기주식취득,임직원 보상
20220203000063,20220203,train,자기주식취득,주가안정·주주가치
20220331002849,20220331,train,자기주식취득,기타
20220329000637,20220329,train,자기주식취득,기타
20220328001065,20220328,train,자기주식취득,주가안정·주주가치
20220328000829,20220328,train,자기주식취득,임직원 보상
20220324000842,20220324,train,자기주식취득,주가안정·주주가치
20220324000488,20220324,train,자기주식취득,소각
20220324000044,20220324,train,자기주식취득,소각
20220322001023,20220322,train,자기주식취득,주가안정·주주가치
20220318000784,20220318,train,자기주식취득,주가안정·주주가치
20220310000535,20220310,train,자기주식취득,주가안정·주주가치
20220308000786,20220308,train,자기주식취득,주가안정·주주가치
20220308000701,20220308,train,자기주식취득,임직원 보상
20220308000273,20220308,train,자기주식취득,주가안정·주주가치
20220307000416,20220307,train,자기주식취득,임직원 보상
20220307000213,20220307,train,자기주식취득,임직원 보상
20220427000187,20220427,train,자기주식취득,기타
20220422000387,20220422,train,자기주식취득,주가안정·주주가치
20220420000619,20220420,train,자기주식취득,임직원 보상
20220418000124,20220418,train,자기주식취득,주가안정·주주가치
20220413002293,20220413,train,자기주식취득,주가안정·주주가치
20220413000994,20220413,train,자기주식취득,주가안정·주주가치
20220411000578,20220411,train,자기주식취득,주가안정·주주가치
20220407001790,20220407,train,자기주식취득,기타
20220401001318,20220401,train,자기주식취득,기타
20220530000223,20220530,train,자기주식취득,주가안정·주주가치
20220527000198,20220527,train,자기주식취득,임직원 보상
20220519000215,20220519,train,자기주식취득,주가안정·주주가치
20220518000244,20220518,train,자기주식취득,주가안정·주주가치
20220518000005,20220518,train,자기주식취득,주가안정·주주가치
20220517000218,20220517,train,자기주식취득,주가안정·주주가치
20220513000548,20220513,train,자기주식취득,주가안정·주주가치
20220512000854,20220512,train,자기주식취득,주가안정·주주가치
20220512000444,20220512,train,자기주식취득,주가안정·주주가치
20220511000763,20220511,train,자기주식취득,주가안정·주주가치
20220511000747,20220511,train,자기주식취득,주가안정·주주가치
20220511000625,20220511,train,자기주식취득,주가안정·주주가치
20220510000893,20220510,train,자기주식취득,주가안정·주주가치
20220510000170,20220510,train,자기주식취득,주가안정·주주가치
20220509000583,20220509,train,자기주식취득,주가안정·주주가치
20220509000541,20220509,train,자기주식취득,주가안정·주주가치
20220506000056,20220506,train,자기주식취득,주가안정·주주가치
20220503000112,20220503,train,자기주식취득,임직원 보상
20220630000670,20220630,train,자기주식취득,주가안정·주주가치
20220627000109,20220627,train,자기주식취득,주가안정·주주가치
20220624000244,20220624,train,자기주식취득,주가안정·주주가치
20220623000296,20220623,train,자기주식취득,주가안정·주주가치
20220623000192,20220623,train,자기주식취득,주가안정·주주가치
20220623000158,20220623,train,자기주식취득,주가안정·주주가치
20220622000358,20220622,train,자기주식취득,주가안정·주주가치
20220622000061,20220622,train,자기주식취득,주가안정·주주가치
20220621000410,20220621,train,자기주식취득,주가안정·주주가치
20220621000146,20220621,train,자기주식취득,임직원 보상
20220620000139,20220620,train,자기주식취득,주가안정·주주가치
20220620000021,20220620,train,자기주식취득,기타
20220617000203,20220617,train,자기주식취득,주가안정·주주가치
20220617000020,20220617,train,자기주식취득,주가안정·주주가치
20220616000176,20220616,train,자기주식취득,주가안정·주주가치
20220615000341,20220615,train,자기주식취득,주가안정·주주가치
20220615000208,20220615,train,자기주식취득,주가안정·주주가치
20220615000169,20220615,train,자기주식취득,주가안정·주주가치
20220614000220,20220614,train,자기주식취득,주가안정·주주가치
20220614000086,20220614,train,자기주식취득,주가안정·주주가치
20220614000059,20220614,train,자기주식취득,주가안정·주주가치
20220613000260,20220613,train,자기주식취득,주가안정·주주가치
20220609000257,20220609,train,자기주식취득,소각
20220607000222,20220607,train,자기주식취득,주가안정·주주가치
20220727000120,20220727,train,자기주식취득,주가안정·주주가치
20220725000319,20220725,train,자기주식취득,주가안정·주주가치
20220722000254,20220722,train,자기주식취득,주가안정·주주가치
20220721000463,20220721,train,자기주식취득,주가안정·주주가치
20220721000074,20220721,train,자기주식취득,주가안정·주주가치
20220715000200,20220715,train,자기주식취득,주가안정·주주가치
20220715000181,20220715,train,자기주식취득,기타
20220714000288,20220714,train,자기주식취득,주가안정·주주가치
20220713000236,20220713,train,자기주식취득,주가안정·주주가치
20220712000424,20220712,train,자기주식취득,주가안정·주주가치
20220706000416,20220706,train,자기주식취득,주가안정·주주가치
20220704000051,20220704,train,자기주식취득,주가안정·주주가치
20220701000198,20220701,train,자기주식취득,주가안정·주주가치
20220830000756,20220830,train,자기주식취득,주가안정·주주가치
20220829000238,20220829,train,자기주식취득,주가안정·주주가치
20220826000766,20220829,train,자기주식취득,주가안정·주주가치
20220824000425,20220824,train,자기주식취득,주가안정·주주가치
20220822000146,20220822,train,자기주식취득,기타
20220819000428,20220819,train,자기주식취득,주가안정·주주가치
20220819000137,20220819,train,자기주식취득,주가안정·주주가치
20220818000355,20220818,train,자기주식취득,주가안정·주주가치
20220817000088,20220817,train,자기주식취득,주가안정·주주가치
20220817000089,20220817,train,자기주식취득,주가안정·주주가치
20220812000073,20220812,train,자기주식취득,주가안정·주주가치
20220811000310,20220811,train,자기주식취득,주가안정·주주가치
20220805000235,20220805,train,자기주식취득,주가안정·주주가치
20220805000158,20220805,train,자기주식취득,주가안정·주주가치
20220805000138,20220805,train,자기주식취득,기타
20220802000328,20220802,train,자기주식취득,주가안정·주주가치
20220930000470,20220930,train,자기주식취득,주가안정·주주가치
20220930000094,20220930,train,자기주식취득,주가안정·주주가치
20220929000596,20220929,train,자기주식취득,주가안정·주주가치
20220929000392,20220929,train,자기주식취득,주가안정·주주가치
20220929000144,20220929,train,자기주식취득,주가안정·주주가치
20220928000297,20220928,train,자기주식취득,주가안정·주주가치
20220928000268,20220928,train,자기주식취득,주가안정·주주가치
20220927000485,20220927,train,자기주식취득,임직원 보상
20220927000267,20220927,train,자기주식취득,주가안정·주주가치
20220926000214,20220926,train,자기주식취득,주가안정·주주가치
20220923000425,20220923,train,자기주식취득,
20220923000227,20220923,train,자기주식취득,주가안정·주주가치
20220920000142,20220920,train,자기주식취득,주가안정·주주가치
20220920000046,20220920,train,자기주식취득,주가안정·주주가치
20220919000008,20220919,train,자기주식취득,주가안정·주주가치
20220916000467,20220916,train,자기주식취득,주가안정·주주가치
20220908000192,20220908,train,자기주식취득,주가안정·주주가치
20220907000210,20220907,train,자기주식취득,주가안정·주주가치
20220906000067,20220906,train,자기주식취득,주가안정·주주가치
20220902000171,20220902,train,자기주식취득,주가안정·주주가치
20220902000063,20220902,train,자기주식취득,소각
20221031000090,20221031,train,자기주식취득,주가안정·주주가치
20221028000104,20221028,train,자기주식취득,주가안정·주주가치
20221026000391,20221026,train,자기주식취득,주가안정·주주가치
20221026000213,20221026,train,자기주식취득,주가안정·주주가치
20221024000210,20221024,train,자기주식취득,기타
20221024000066,20221024,train,자기주식취득,주가안정·주주가치
20221020000066,20221020,train,자기주식취득,주가안정·주주가치
20221017000120,20221017,train,자기주식취득,주가안정·주주가치
20221014000078,20221014,train,자기주식취득,주가안정·주주가치
20221013000114,20221013,train,자기주식취득,주가안정·주주가치
20221012000298,20221012,train,자기주식취득,기타
20221012000221,20221012,train,자기주식취득,기타
20221012000193,20221012,train,자기주식취득,주가안정·주주가치
20221012000162,20221012,train,자기주식취득,주가안정·주주가치
20221011000548,20221011,train,자기주식취득,임직원 보상
20221011000546,20221011,train,자기주식취득,임직원 보상
20221011000456,20221011,train,자기주식취득,주가안정·주주가치
20221007000631,20221007,train,자기주식취득,주가안정·주주가치
20221007000412,20221007,train,자기주식취득,주가안정·주주가치
20221006000204,20221006,train,자기주식취득,소각
20221005000114,20221005,train,자기주식취득,주가안정·주주가치
20221004000196,20221004,train,자기주식취득,주가안정·주주가치
20221130001044,20221130,train,자기주식취득,주가안정·주주가치
20221130000219,20221130,train,자기주식취득,주가안정·주주가치
20221128000475,20221128,train,자기주식취득,주가안정·주주가치
20221122000160,20221122,train,자기주식취득,주가안정·주주가치
20221121000180,20221121,train,자기주식취득,소각
20221117000062,20221117,train,자기주식취득,주가안정·주주가치
20221115000212,20221115,train,자기주식취득,주가안정·주주가치
20221110000003,20221110,train,자기주식취득,주가안정·주주가치
20221107000192,20221107,train,자기주식취득,주가안정·주주가치
20221107000101,20221107,train,자기주식취득,주가안정·주주가치
20221103000237,20221103,train,자기주식취득,주가안정·주주가치
20221103000141,20221103,train,자기주식취득,주가안정·주주가치
20221102000277,20221102,train,자기주식취득,주가안정·주주가치
20221101000008,20221101,train,자기주식취득,주가안정·주주가치
20221227000468,20221227,train,자기주식취득,기타
20221226000280,20221226,train,자기주식취득,주가안정·주주가치
20221226000221,20221226,train,자기주식취득,주가안정·주주가치
20221226000194,20221226,train,자기주식취득,주가안정·주주가치
20221223000301,20221223,train,자기주식취득,주가안정·주주가치
20221222000274,20221222,train,자기주식취득,주가안정·주주가치
20221221000214,20221221,train,자기주식취득,주가안정·주주가치
20221221000211,20221221,train,자기주식취득,주가안정·주주가치
20221220000229,20221220,train,자기주식취득,주가안정·주주가치
20221216000354,20221216,train,자기주식취득,주가안정·주주가치
20221214000289,20221214,train,자기주식취득,기타
20221208000397,20221208,train,자기주식취득,주가안정·주주가치
20221207000206,20221207,train,자기주식취득,주가안정·주주가치
20221207000123,20221207,train,자기주식취득,주가안정·주주가치
20221202000439,20221202,train,자기주식취득,주가안정·주주가치
20230127000327,20230127,train,자기주식취득,소각
20230126000418,20230126,train,자기주식취득,주가안정·주주가치
20230126000063,20230126,train,자기주식취득,주가안정·주주가치
20230118000535,20230118,train,자기주식취득,주가안정·주주가치
20230106000081,20230106,train,자기주식취득,주가안정·주주가치
20230105000323,20230105,train,자기주식취득,기타
20230104000129,20230104,train,자기주식취득,주가안정·주주가치
20230103000296,20230103,train,자기주식취득,소각
20230102000142,20230102,train,자기주식취득,주가안정·주주가치
20230224004173,20230224,train,자기주식취득,주가안정·주주가치
20230221001453,20230221,train,자기주식취득,주가안정·주주가치
20230220001309,20230220,train,자기주식취득,주가안정·주주가치
20230217001595,20230217,train,자기주식취득,주가안정·주주가치
20230215001584,20230215,train,자기주식취득,소각
20230209000675,20230210,train,자기주식취득,임직원 보상
20230209000519,20230209,train,자기주식취득,주가안정·주주가치
20230209000323,20230209,train,자기주식취득,주가안정·주주가치
20230208000269,20230208,train,자기주식취득,기타
20230208000115,20230208,train,자기주식취득,소각
20230207000294,20230207,train,자기주식취득,소각
20230201000014,20230201,train,자기주식취득,주가안정·주주가치
20230201000013,20230201,train,자기주식취득,주가안정·주주가치
20230330000315,20230330,train,자기주식취득,주가안정·주주가치
20230329001223,20230329,train,자기주식취득,임직원 보상
20230328000994,20230328,train,자기주식취득,주가안정·주주가치
20230328000635,20230328,train,자기주식취득,소각
20230328000449,20230328,train,자기주식취득,주가안정·주주가치
20230327000863,20230327,train,자기주식취득,주가안정·주주가치
20230321001093,20230321,train,자기주식취득,임직원 보상
20230321000784,20230321,train,자기주식취득,임직원 보상
20230315000210,20230315,train,자기주식취득,주가안정·주주가치
20230313000393,20230313,train,자기주식취득,주가안정·주주가치
20230313000122,20230313,train,자기주식취득,주가안정·주주가치
20230308000370,20230308,train,자기주식취득,주가안정·주주가치
20230306000307,20230306,train,자기주식취득,주가안정·주주가치
20230306000272,20230306,train,자기주식취득,주가안정·주주가치
20230306000242,20230306,train,자기주식취득,주가안정·주주가치
20230303000572,20230303,train,자기주식취득,주가안정·주주가치
20230303000407,20230303,train,자기주식취득,주가안정·주주가치
20230303000185,20230303,train,자기주식취득,주가안정·주주가치
20230303000107,20230303,train,자기주식취득,주가안정·주주가치
20230302000628,20230302,train,자기주식취득,임직원 보상
20230427000308,20230427,train,자기주식취득,소각
20230426000218,20230426,train,자기주식취득,주가안정·주주가치
20230424000484,20230424,train,자기주식취득,임직원 보상
20230424000188,20230424,train,자기주식취득,주가안정·주주가치
20230424000132,20230424,train,자기주식취득,주가안정·주주가치
20230421000215,20230421,train,자기주식취득,기타
20230419000254,20230419,train,자기주식취득,주가안정·주주가치
20230418000247,20230418,train,자기주식취득,주가안정·주주가치
20230414002516,20230414,train,자기주식취득,주가안정·주주가치
20230411002888,20230411,train,자기주식취득,주가안정·주주가치
20230403003115,20230403,train,자기주식취득,주가안정·주주가치
20230526000181,20230526,train,자기주식취득,소각
20230525000224,20230525,train,자기주식취득,주가안정·주주가치
20230523000118,20230523,train,자기주식취득,주가안정·주주가치
20230518000299,20230518,train,자기주식취득,임직원 보상
20230516000200,20230516,train,자기주식취득,소각
20230511000450,20230511,train,자기주식취득,기타
20230511000177,20230511,train,자기주식취득,주가안정·주주가치
20230509000361,20230509,train,자기주식취득,주가안정·주주가치
20230508000282,20230508,train,자기주식취득,주가안정·주주가치
20230508000136,20230508,train,자기주식취득,주가안정·주주가치
20230502000872,20230502,train,자기주식취득,기타
20230502000611,20230502,train,자기주식취득,기타
20230629000685,20230630,train,자기주식취득,소각
20230627000442,20230627,train,자기주식취득,임직원 보상
20230622000117,20230622,train,자기주식취득,주가안정·주주가치
20230616000126,20230616,train,자기주식취득,주가안정·주주가치
20230612000272,20230612,train,자기주식취득,주가안정·주주가치
20230608000001,20230608,train,자기주식취득,주가안정·주주가치
20230602000176,20230602,train,자기주식취득,임직원 보상
20230728000122,20230728,train,자기주식취득,주가안정·주주가치
20230727000152,20230727,train,자기주식취득,소각
20230726000317,20230726,train,자기주식취득,소각
20230726000193,20230726,train,자기주식취득,주가안정·주주가치
20230726000183,20230726,train,자기주식취득,주가안정·주주가치
20230725000059,20230725,train,자기주식취득,주가안정·주주가치
20230720000263,20230720,train,자기주식취득,주가안정·주주가치
20230719000224,20230719,train,자기주식취득,주가안정·주주가치
20230713000383,20230713,train,자기주식취득,주가안정·주주가치
20230713000151,20230713,train,자기주식취득,주가안정·주주가치
20230712000472,20230712,train,자기주식취득,기타
20230710000063,20230710,train,자기주식취득,주가안정·주주가치
20230706000113,20230706,train,자기주식취득,주가안정·주주가치
20230705000069,20230705,train,자기주식취득,주가안정·주주가치
20230705000003,20230705,train,자기주식취득,주가안정·주주가치
20230703000093,20230703,train,자기주식취득,주가안정·주주가치
20230703000080,20230703,train,자기주식취득,소각
20230830001038,20230830,train,자기주식취득,기타
20230828000307,20230828,train,자기주식취득,주가안정·주주가치
20230828000192,20230828,train,자기주식취득,주가안정·주주가치
20230828000194,20230828,train,자기주식취득,주가안정·주주가치
20230822000054,20230822,train,자기주식취득,주가안정·주주가치
20230822000021,20230822,train,자기주식취득,주가안정·주주가치
20230816000231,20230816,train,자기주식취득,주가안정·주주가치
20230810000379,20230810,train,자기주식취득,주가안정·주주가치
20230809000223,20230809,train,자기주식취득,주가안정·주주가치
20230804000438,20230804,train,자기주식취득,주가안정·주주가치
20230803000327,20230803,train,자기주식취득,소각
20230802000151,20230802,train,자기주식취득,주가안정·주주가치
20230801000022,20230801,train,자기주식취득,주가안정·주주가치
20230925000302,20230925,train,자기주식취득,소각
20230925000231,20230925,train,자기주식취득,주가안정·주주가치
20230925000172,20230925,train,자기주식취득,주가안정·주주가치
20230919000111,20230919,train,자기주식취득,임직원 보상
20230915000468,20230915,train,자기주식취득,소각
20230915000118,20230915,train,자기주식취득,주가안정·주주가치
20230915000080,20230915,train,자기주식취득,주가안정·주주가치
20230913000027,20230913,train,자기주식취득,주가안정·주주가치
20230912000405,20230912,train,자기주식취득,주가안정·주주가치
20230912000194,20230912,train,자기주식취득,주가안정·주주가치
20230912000095,20230912,train,자기주식취득,주가안정·주주가치
20230904000023,20230904,train,자기주식취득,기타
20231031000296,20231031,train,자기주식취득,주가안정·주주가치
20231031000004,20231031,train,자기주식취득,임직원 보상
20231030000418,20231030,train,자기주식취득,주가안정·주주가치
20231030000182,20231030,train,자기주식취득,주가안정·주주가치
20231027000338,20231027,train,자기주식취득,주가안정·주주가치
20231025000118,20231025,train,자기주식취득,소각
20231024000124,20231024,train,자기주식취득,주가안정·주주가치
20231023000073,20231023,train,자기주식취득,주가안정·주주가치
20231023000067,20231023,train,자기주식취득,주가안정·주주가치
20231018000324,20231018,train,자기주식취득,주가안정·주주가치
20231018000008,20231018,train,자기주식취득,주가안정·주주가치
20231016000083,20231016,train,자기주식취득,주가안정·주주가치
20231012000253,20231012,train,자기주식취득,주가안정·주주가치
20231011000471,20231011,train,자기주식취득,기타
20231006000139,20231006,train,자기주식취득,주가안정·주주가치
20231127000250,20231127,train,자기주식취득,기타
20231124000465,20231124,train,자기주식취득,임직원 보상
20231123000087,20231123,train,자기주식취득,기타
20231122000329,20231122,train,자기주식취득,임직원 보상
20231121000289,20231121,train,자기주식취득,주가안정·주주가치
20231117000243,20231117,train,자기주식취득,주가안정·주주가치
20231117000202,20231117,train,자기주식취득,소각
20231117000074,20231117,train,자기주식취득,소각
20231116000103,20231116,train,자기주식취득,소각
20231113000225,20231113,train,자기주식취득,주가안정·주주가치
20231109000157,20231109,train,자기주식취득,주가안정·주주가치
20231109000160,20231109,train,자기주식취득,주가안정·주주가치
20231109000127,20231109,train,자기주식취득,주가안정·주주가치
20231109000119,20231109,train,자기주식취득,주가안정·주주가치
20231108000116,20231108,train,자기주식취득,주가안정·주주가치
20231106000081,20231106,train,자기주식취득,소각
20231226000002,20231226,train,자기주식취득,주가안정·주주가치
20231222000171,20231222,train,자기주식취득,주가안정·주주가치
20231215000285,20231215,train,자기주식취득,임직원 보상
20231214000359,20231214,train,자기주식취득,주가안정·주주가치
20231213000424,20231213,train,자기주식취득,기타
20231212000136,20231212,train,자기주식취득,주가안정·주주가치
20231204000187,20231204,train,자기주식취득,주가안정·주주가치
20240130000422,20240130,val,자기주식취득,주가안정·주주가치
20240125000291,20240125,val,자기주식취득,주가안정·주주가치
20240125000187,20240125,val,자기주식취득,주가안정·주주가치
20240123000390,20240123,val,자기주식취득,소각
20240123000039,20240123,val,자기주식취득,주가안정·주주가치
20240122000216,20240122,val,자기주식취득,주가안정·주주가치
20240119000068,20240119,val,자기주식취득,주가안정·주주가치
20240104000115,20240104,val,자기주식취득,주가안정·주주가치
20240228008655,20240228,val,자기주식취득,주가안정·주주가치
20240226005093,20240226,val,자기주식취득,임직원 보상
20240226002906,20240226,val,자기주식취득,소각
20240223001572,20240223,val,자기주식취득,주가안정·주주가치
20240222001213,20240222,val,자기주식취득,주가안정·주주가치
20240221000803,20240221,val,자기주식취득,주가안정·주주가치
20240216001385,20240216,val,자기주식취득,소각
20240215001247,20240215,val,자기주식취득,주가안정·주주가치
20240213001010,20240213,val,자기주식취득,주가안정·주주가치
20240208000535,20240208,val,자기주식취득,소각
20240208000001,20240208,val,자기주식취득,소각
20240206000436,20240206,val,자기주식취득,기타
20240206000302,20240206,val,자기주식취득,소각
20240205000001,20240205,val,자기주식취득,기타
20240202000483,20240202,val,자기주식취득,주가안정·주주가치
20240202000330,20240202,val,자기주식취득,임직원 보상
20240201000561,20240201,val,자기주식취득,주가안정·주주가치
20240329003499,20240329,val,자기주식취득,주가안정·주주가치
20240328000541,20240328,val,자기주식취득,소각
20240326000777,20240326,val,자기주식취득,소각
20240326000570,20240326,val,자기주식취득,소각
20240322000830,20240322,val,자기주식취득,소각
20240321000012,20240321,val,자기주식취득,주가안정·주주가치
20240320000766,20240320,val,자기주식취득,주가안정·주주가치
20240320000404,20240320,val,자기주식취득,주가안정·주주가치
20240320000288,20240320,val,자기주식취득,주가안정·주주가치
20240318000434,20240318,val,자기주식취득,주가안정·주주가치
20240318000322,20240318,val,자기주식취득,주가안정·주주가치
20240314000277,20240314,val,자기주식취득,주가안정·주주가치
20240314000209,20240314,val,자기주식취득,주가안정·주주가치
20240313001515,20240313,val,자기주식취득,소각
20240312000732,20240312,val,자기주식취득,주가안정·주주가치
20240312000001,20240312,val,자기주식취득,소각
20240311000112,20240311,val,자기주식취득,소각
20240308000366,20240308,val,자기주식취득,소각
20240306000729,20240307,val,자기주식취득,주가안정·주주가치
20240306000519,20240306,val,자기주식취득,기타
20240306000198,20240306,val,자기주식취득,주가안정·주주가치
20240305000129,20240305,val,자기주식취득,주가안정·주주가치
20240305000115,20240305,val,자기주식취득,주가안정·주주가치
20240429001044,20240429,val,자기주식취득,기타
20240429000922,20240429,val,자기주식취득,임직원 보상
20240425000318,20240425,val,자기주식취득,주가안정·주주가치
20240418000299,20240418,val,자기주식취득,기타
20240418000218,20240418,val,자기주식취득,주가안정·주주가치
20240418000161,20240418,val,자기주식취득,주가안정·주주가치
20240417000152,20240417,val,자기주식취득,주가안정·주주가치
20240417000035,20240417,val,자기주식취득,주가안정·주주가치
20240416000224,20240416,val,자기주식취득,기타
20240412003259,20240412,val,자기주식취득,주가안정·주주가치
20240411002166,20240411,val,자기주식취득,주가안정·주주가치
20240405003417,20240405,val,자기주식취득,주가안정·주주가치
20240403001041,20240403,val,자기주식취득,주가안정·주주가치
20240402002387,20240402,val,자기주식취득,주가안정·주주가치
20240402000945,20240402,val,자기주식취득,주가안정·주주가치
20240402000782,20240402,val,자기주식취득,소각
20240329003638,20240401,val,자기주식취득,기타
20240531002323,20240531,val,자기주식취득,소각
20240529000113,20240529,val,자기주식취득,기타
20240529000068,20240529,val,자기주식취득,주가안정·주주가치
20240510000470,20240510,val,자기주식취득,주가안정·주주가치
20240510000419,20240510,val,자기주식취득,주가안정·주주가치
20240509000521,20240509,val,자기주식취득,주가안정·주주가치
20240502000238,20240502,val,자기주식취득,주가안정·주주가치
20240628000242,20240628,val,자기주식취득,주가안정·주주가치
20240627000419,20240627,val,자기주식취득,기타
20240626000207,20240626,val,자기주식취득,기타
20240617000172,20240617,val,자기주식취득,주가안정·주주가치
20240617000057,20240617,val,자기주식취득,소각
20240614000092,20240614,val,자기주식취득,주가안정·주주가치
20240610000311,20240610,val,자기주식취득,주가안정·주주가치
20240610000216,20240610,val,자기주식취득,주가안정·주주가치
20240605000086,20240605,val,자기주식취득,기타
20240731000624,20240731,val,자기주식취득,주가안정·주주가치
20240726000470,20240726,val,자기주식취득,기타
20240726000326,20240726,val,자기주식취득,기타
20240725000414,20240725,val,자기주식취득,주가안정·주주가치
20240725000086,20240725,val,자기주식취득,주가안정·주주가치
20240724000428,20240724,val,자기주식취득,주가안정·주주가치
20240724000434,20240724,val,자기주식취득,주가안정·주주가치
20240724000306,20240724,val,자기주식취득,주가안정·주주가치
20240724000286,20240724,val,자기주식취득,기타
20240724000203,20240724,val,자기주식취득,주가안정·주주가치
20240724000102,20240724,val,자기주식취득,주가안정·주주가치
20240724000068,20240724,val,자기주식취득,주가안정·주주가치
20240723000338,20240723,val,자기주식취득,주가안정·주주가치
20240723000237,20240723,val,자기주식취득,주가안정·주주가치
20240723000214,20240723,val,자기주식취득,
20240722000023,20240722,val,자기주식취득,주가안정·주주가치
20240719000126,20240719,val,자기주식취득,소각
20240718000126,20240718,val,자기주식취득,임직원 보상
20240718000021,20240718,val,자기주식취득,소각
20240717000081,20240717,val,자기주식취득,소각
20240716000190,20240716,val,자기주식취득,주가안정·주주가치
20240716000023,20240716,val,자기주식취득,
20240712000171,20240712,val,자기주식취득,소각
20240712000097,20240712,val,자기주식취득,
20240710000443,20240710,val,자기주식취득,주가안정·주주가치
20240709000448,20240709,val,자기주식취득,소각
20240709000346,20240709,val,자기주식취득,주가안정·주주가치
20240708000187,20240708,val,자기주식취득,주가안정·주주가치
20240705000007,20240705,val,자기주식취득,소각
20240703000597,20240703,val,자기주식취득,소각
20240830001788,20240830,val,자기주식취득,주가안정·주주가치
20240828000261,20240828,val,자기주식취득,주가안정·주주가치
20240827000661,20240827,val,자기주식취득,주가안정·주주가치
20240827000606,20240827,val,자기주식취득,주가안정·주주가치
20240826000335,20240826,val,자기주식취득,주가안정·주주가치
20240826000262,20240826,val,자기주식취득,기타
20240819000217,20240819,val,자기주식취득,주가안정·주주가치
20240819000197,20240819,val,자기주식취득,주가안정·주주가치
20240819000072,20240819,val,자기주식취득,주가안정·주주가치
20240814003609,20240814,val,자기주식취득,소각
20240814000984,20240814,val,자기주식취득,주가안정·주주가치
20240814000815,20240814,val,자기주식취득,주가안정·주주가치
20240809000594,20240809,val,자기주식취득,주가안정·주주가치
20240808000427,20240808,val,자기주식취득,기타
20240808000271,20240808,val,자기주식취득,소각
20240808000145,20240808,val,자기주식취득,주가안정·주주가치
20240807000236,20240807,val,자기주식취득,주가안정·주주가치
20240807000021,20240807,val,자기주식취득,소각
20240806000215,20240806,val,자기주식취득,주가안정·주주가치
20240806000201,20240806,val,자기주식취득,주가안정·주주가치
20240806000163,20240806,val,자기주식취득,주가안정·주주가치
20240805000331,20240805,val,자기주식취득,주가안정·주주가치
20240801000002,20240801,val,자기주식취득,주가안정·주주가치
20240930000531,20240930,val,자기주식취득,주가안정·주주가치
20240930000446,20240930,val,자기주식취득,주가안정·주주가치
20240930000142,20240930,val,자기주식취득,주가안정·주주가치
20240930000001,20240930,val,자기주식취득,소각
20240923000134,20240923,val,자기주식취득,주가안정·주주가치
20240920000189,20240920,val,자기주식취득,주가안정·주주가치
20240919000285,20240919,val,자기주식취득,주가안정·주주가치
20240912000463,20240912,val,자기주식취득,주가안정·주주가치
20240911000067,20240911,val,자기주식취득,주가안정·주주가치
20240910000607,20240910,val,자기주식취득,주가안정·주주가치
20240910000384,20240910,val,자기주식취득,주가안정·주주가치
20240909000074,20240909,val,자기주식취득,주가안정·주주가치
20240906000404,20240906,val,자기주식취득,주가안정·주주가치
20240906000082,20240906,val,자기주식취득,주가안정·주주가치
20240904000270,20240904,val,자기주식취득,주가안정·주주가치
20240904000247,20240904,val,자기주식취득,주가안정·주주가치
20241031000494,20241031,val,자기주식취득,기타
20241031000311,20241031,val,자기주식취득,주가안정·주주가치
20241028000033,20241028,val,자기주식취득,소각
20241025000080,20241025,val,자기주식취득,주가안정·주주가치
20241024000408,20241024,val,자기주식취득,주가안정·주주가치
20241021000008,20241021,val,자기주식취득,주가안정·주주가치
20241017000095,20241017,val,자기주식취득,주가안정·주주가치
20241011000476,20241011,val,자기주식취득,주가안정·주주가치
20241011000005,20241011,val,자기주식취득,주가안정·주주가치
20241010000456,20241010,val,자기주식취득,주가안정·주주가치
20241008000126,20241008,val,자기주식취득,주가안정·주주가치
20241004000061,20241004,val,자기주식취득,주가안정·주주가치
20241002000330,20241002,val,자기주식취득,주가안정·주주가치
20241002000155,20241002,val,자기주식취득,소각
20241129000796,20241129,val,자기주식취득,소각
20241127000199,20241127,val,자기주식취득,주가안정·주주가치
20241126000337,20241126,val,자기주식취득,주가안정·주주가치
20241125000284,20241125,val,자기주식취득,주가안정·주주가치
20241121000352,20241121,val,자기주식취득,주가안정·주주가치
20241121000006,20241121,val,자기주식취득,주가안정·주주가치
20241118000028,20241118,val,자기주식취득,소각
20241115000375,20241118,val,자기주식취득,주가안정·주주가치
20241115000218,20241115,val,자기주식취득,주가안정·주주가치
20241115000152,20241115,val,자기주식취득,주가안정·주주가치
20241115000151,20241115,val,자기주식취득,주가안정·주주가치
20241113000617,20241113,val,자기주식취득,주가안정·주주가치
20241113000520,20241113,val,자기주식취득,소각
20241113000498,20241113,val,자기주식취득,주가안정·주주가치
20241113000398,20241113,val,자기주식취득,소각
20241113000250,20241113,val,자기주식취득,주가안정·주주가치
20241113000199,20241113,val,자기주식취득,주가안정·주주가치
20241112000380,20241112,val,자기주식취득,주가안정·주주가치
20241112000321,20241112,val,자기주식취득,주가안정·주주가치
20241112000252,20241112,val,자기주식취득,주가안정·주주가치
20241111000314,20241111,val,자기주식취득,주가안정·주주가치
20241108000470,20241108,val,자기주식취득,소각
20241107000181,20241107,val,자기주식취득,소각
20241107000057,20241107,val,자기주식취득,소각
20241106000265,20241106,val,자기주식취득,주가안정·주주가치
20241106000117,20241106,val,자기주식취득,주가안정·주주가치
20241106000118,20241106,val,자기주식취득,주가안정·주주가치
20241106000099,20241106,val,자기주식취득,기타
20241105000055,20241105,val,자기주식취득,주가안정·주주가치
20241105000046,20241105,val,자기주식취득,주가안정·주주가치
20241104000327,20241104,val,자기주식취득,
20241104000031,20241104,val,자기주식취득,주가안정·주주가치
20241227000212,20241227,val,자기주식취득,주가안정·주주가치
20241220000536,20241220,val,자기주식취득,
20241217000258,20241217,val,자기주식취득,주가안정·주주가치
20241217000253,20241217,val,자기주식취득,주가안정·주주가치
20241217000111,20241217,val,자기주식취득,주가안정·주주가치
20241216000362,20241216,val,자기주식취득,기타
20241216000135,20241216,val,자기주식취득,주가안정·주주가치
20241216000082,20241216,val,자기주식취득,소각
20241216000080,20241216,val,자기주식취득,소각
20241212000238,20241212,val,자기주식취득,주가안정·주주가치
20241211000099,20241211,val,자기주식취득,기타
20241211000066,20241211,val,자기주식취득,소각
20241210000441,20241210,val,자기주식취득,주가안정·주주가치
20241210000184,20241210,val,자기주식취득,주가안정·주주가치
20241210000098,20241210,val,자기주식취득,주가안정·주주가치
20241209000431,20241209,val,자기주식취득,주가안정·주주가치
20241209000348,20241209,val,자기주식취득,소각
20241209000286,20241209,val,자기주식취득,주가안정·주주가치
20241209000144,20241209,val,자기주식취득,주가안정·주주가치
20241209000079,20241209,val,자기주식취득,주가안정·주주가치
20241206000180,20241206,val,자기주식취득,주가안정·주주가치
20241206000109,20241206,val,자기주식취득,주가안정·주주가치
20241203000215,20241203,val,자기주식취득,주가안정·주주가치
20241203000217,20241203,val,자기주식취득,주가안정·주주가치
20241203000070,20241203,val,자기주식취득,주가안정·주주가치
20241202000210,20241202,val,자기주식취득,소각
20241202000028,20241202,val,자기주식취득,주가안정·주주가치
20250124000346,20250124,test,자기주식취득,주가안정·주주가치
20250123000338,20250123,test,자기주식취득,소각
20250122000325,20250122,test,자기주식취득,주가안정·주주가치
20250122000154,20250122,test,자기주식취득,소각
20250120000327,20250120,test,자기주식취득,임직원 보상
20250120000028,20250120,test,자기주식취득,주가안정·주주가치
20250110000251,20250110,test,자기주식취득,주가안정·주주가치
20250107000309,20250107,test,자기주식취득,주가안정·주주가치
20250102000141,20250102,test,자기주식취득,주가안정·주주가치
20250227006899,20250227,test,자기주식취득,소각
20250226002401,20250226,test,자기주식취득,주가안정·주주가치
20250225004700,20250225,test,자기주식취득,기타
20250224002597,20250224,test,자기주식취득,주가안정·주주가치
20250221001315,20250221,test,자기주식취득,소각
20250220001982,20250220,test,자기주식취득,주가안정·주주가치
20250220000539,20250220,test,자기주식취득,소각
20250220000425,20250220,test,자기주식취득,주가안정·주주가치
20250219000002,20250219,test,자기주식취득,주가안정·주주가치
20250218000019,20250218,test,자기주식취득,임직원 보상
20250213001765,20250213,test,자기주식취득,주가안정·주주가치
20250213001638,20250213,test,자기주식취득,소각
20250213001328,20250213,test,자기주식취득,소각
20250213001104,20250213,test,자기주식취득,주가안정·주주가치
20250213000520,20250213,test,자기주식취득,주가안정·주주가치
20250212000320,20250212,test,자기주식취득,주가안정·주주가치
20250206000322,20250206,test,자기주식취득,주가안정·주주가치
20250206000194,20250206,test,자기주식취득,주가안정·주주가치
20250206000138,20250206,test,자기주식취득,주가안정·주주가치
20250205000481,20250205,test,자기주식취득,주가안정·주주가치
20250205000359,20250205,test,자기주식취득,주가안정·주주가치
20250205000368,20250205,test,자기주식취득,주가안정·주주가치
20250205000358,20250205,test,자기주식취득,기타
20250205000299,20250205,test,자기주식취득,소각
20250205000274,20250205,test,자기주식취득,주가안정·주주가치
20250203000315,20250203,test,자기주식취득,주가안정·주주가치
20250331002633,20250331,test,자기주식취득,주가안정·주주가치
20250327001273,20250327,test,자기주식취득,소각
20250327001242,20250327,test,자기주식취득,주가안정·주주가치
20250326001103,20250326,test,자기주식취득,주가안정·주주가치
20250326001064,20250326,test,자기주식취득,주가안정·주주가치
20250326000967,20250326,test,자기주식취득,소각
20250326000694,20250326,test,자기주식취득,주가안정·주주가치
20250324000721,20250324,test,자기주식취득,임직원 보상
20250324000615,20250324,test,자기주식취득,주가안정·주주가치
20250324000613,20250324,test,자기주식취득,
20250324000551,20250324,test,자기주식취득,기타
20250321000390,20250321,test,자기주식취득,소각
20250321000011,20250321,test,자기주식취득,주가안정·주주가치
20250320001041,20250320,test,자기주식취득,주가안정·주주가치
20250318000096,20250318,test,자기주식취득,주가안정·주주가치
20250317000642,20250317,test,자기주식취득,주가안정·주주가치
20250317000407,20250317,test,자기주식취득,주가안정·주주가치
20250314001638,20250314,test,자기주식취득,주가안정·주주가치
20250314001155,20250314,test,자기주식취득,주가안정·주주가치
20250314000451,20250314,test,자기주식취득,소각
20250314000392,20250314,test,자기주식취득,주가안정·주주가치
20250312000395,20250312,test,자기주식취득,주가안정·주주가치
20250311001233,20250311,test,자기주식취득,주가안정·주주가치
20250310000962,20250310,test,자기주식취득,주가안정·주주가치
20250310000668,20250310,test,자기주식취득,기타
20250307001030,20250307,test,자기주식취득,임직원 보상
20250307000979,20250307,test,자기주식취득,주가안정·주주가치
20250306000770,20250307,test,자기주식취득,주가안정·주주가치
20250306000734,20250306,test,자기주식취득,소각
20250304000371,20250304,test,자기주식취득,주가안정·주주가치
20250429000911,20250429,test,자기주식취득,기타
20250428000097,20250428,test,자기주식취득,주가안정·주주가치
20250424000432,20250424,test,자기주식취득,주가안정·주주가치
20250424000368,20250424,test,자기주식취득,소각
20250422000361,20250422,test,자기주식취득,소각
20250418000218,20250418,test,자기주식취득,주가안정·주주가치
20250418000198,20250418,test,자기주식취득,기타
20250415000341,20250415,test,자기주식취득,기타
20250411003139,20250411,test,자기주식취득,주가안정·주주가치
20250411002658,20250411,test,자기주식취득,소각
20250411000966,20250411,test,자기주식취득,주가안정·주주가치
20250409002291,20250409,test,자기주식취득,기타
20250407001929,20250407,test,자기주식취득,기타
20250407000827,20250407,test,자기주식취득,소각
20250404003695,20250404,test,자기주식취득,
20250403000024,20250403,test,자기주식취득,주가안정·주주가치
20250401003126,20250401,test,자기주식취득,주가안정·주주가치
20250530000516,20250530,test,자기주식취득,주가안정·주주가치
20250523000446,20250523,test,자기주식취득,주가안정·주주가치
20250522000017,20250522,test,자기주식취득,소각
20250521000352,20250521,test,자기주식취득,소각
20250520000006,20250520,test,자기주식취득,주가안정·주주가치
20250516000342,20250516,test,자기주식취득,주가안정·주주가치
20250516000293,20250516,test,자기주식취득,소각
20250515002514,20250515,test,자기주식취득,주가안정·주주가치
20250515001590,20250515,test,자기주식취득,주가안정·주주가치
20250515001718,20250515,test,자기주식취득,기타
20250515000438,20250515,test,자기주식취득,주가안정·주주가치
20250514001254,20250514,test,자기주식취득,주가안정·주주가치
20250513000662,20250513,test,자기주식취득,주가안정·주주가치
20250513000338,20250513,test,자기주식취득,주가안정·주주가치
20250513000202,20250513,test,자기주식취득,주가안정·주주가치
20250509000766,20250509,test,자기주식취득,기타
20250509000528,20250509,test,자기주식취득,주가안정·주주가치
20250508000357,20250508,test,자기주식취득,소각
20250508000204,20250508,test,자기주식취득,
20250508000172,20250508,test,자기주식취득,주가안정·주주가치
20250507000561,20250507,test,자기주식취득,소각
20250507000456,20250507,test,자기주식취득,주가안정·주주가치
20250626000003,20250626,test,자기주식취득,주가안정·주주가치
20250625000421,20250625,test,자기주식취득,주가안정·주주가치
20250623000190,20250623,test,자기주식취득,소각
20250623000152,20250623,test,자기주식취득,주가안정·주주가치
20250623000129,20250623,test,자기주식취득,주가안정·주주가치
20250620000626,20250620,test,자기주식취득,주가안정·주주가치
20250620000100,20250620,test,자기주식취득,소각
20250618000242,20250618,test,자기주식취득,주가안정·주주가치
20250613000493,20250613,test,자기주식취득,주가안정·주주가치
20250611000432,20250611,test,자기주식취득,주가안정·주주가치
20250610000225,20250610,test,자기주식취득,기타
20250609000026,20250609,test,자기주식취득,주가안정·주주가치
20250602000876,20250602,test,자기주식취득,주가안정·주주가치
20250729000276,20250729,test,자기주식취득,주가안정·주주가치
20250728000233,20250728,test,자기주식취득,주가안정·주주가치
20250725000473,20250725,test,자기주식취득,주가안정·주주가치
20250725000416,20250725,test,자기주식취득,소각
20250725000051,20250725,test,자기주식취득,소각
20250723000111,20250723,test,자기주식취득,주가안정·주주가치
20250723000073,20250723,test,자기주식취득,주가안정·주주가치
20250721000035,20250721,test,자기주식취득,주가안정·주주가치
20250721000021,20250721,test,자기주식취득,
20250717000187,20250717,test,자기주식취득,임직원 보상
20250715000263,20250715,test,자기주식취득,주가안정·주주가치
20250710000621,20250710,test,자기주식취득,주가안정·주주가치
20250710000280,20250710,test,자기주식취득,주가안정·주주가치
20250709000474,20250709,test,자기주식취득,주가안정·주주가치
20250709000407,20250709,test,자기주식취득,기타
20250708000011,20250708,test,자기주식취득,임직원 보상
20250703000236,20250703,test,자기주식취득,주가안정·주주가치
20250701000114,20250701,test,자기주식취득,주가안정·주주가치
20250828001303,20250828,test,자기주식취득,소각
20250828001211,20250828,test,자기주식취득,소각
20250822000232,20250822,test,자기주식취득,소각
20250818000125,20250818,test,자기주식취득,주가안정·주주가치
20250814003240,20250814,test,자기주식취득,주가안정·주주가치
20250813001301,20250813,test,자기주식취득,주가안정·주주가치
20250813001079,20250813,test,자기주식취득,주가안정·주주가치
20250813000915,20250813,test,자기주식취득,주가안정·주주가치
20250811000531,20250811,test,자기주식취득,
20250807000253,20250807,test,자기주식취득,소각
20250805000286,20250805,test,자기주식취득,주가안정·주주가치
20250805000272,20250805,test,자기주식취득,소각
20250805000099,20250805,test,자기주식취득,주가안정·주주가치
20250801000303,20250801,test,자기주식취득,임직원 보상
20250925000534,20250925,test,자기주식취득,소각
20250925000286,20250925,test,자기주식취득,소각
20250925000210,20250925,test,자기주식취득,주가안정·주주가치
20250924000110,20250924,test,자기주식취득,소각
20250923000289,20250923,test,자기주식취득,소각
20250922000195,20250922,test,자기주식취득,임직원 보상
20250917000168,20250917,test,자기주식취득,임직원 보상
20250917000073,20250917,test,자기주식취득,주가안정·주주가치
20250915000235,20250915,test,자기주식취득,주가안정·주주가치
20250915000128,20250915,test,자기주식취득,주가안정·주주가치
20250909000086,20250909,test,자기주식취득,주가안정·주주가치
20250908000153,20250908,test,자기주식취득,주가안정·주주가치
20250905000462,20250905,test,자기주식취득,주가안정·주주가치
20250905000267,20250905,test,자기주식취득,주가안정·주주가치
20250904000299,20250904,test,자기주식취득,주가안정·주주가치
20250903000147,20250903,test,자기주식취득,주가안정·주주가치
20251031000110,20251031,test,자기주식취득,주가안정·주주가치
20251030000473,20251030,test,자기주식취득,주가안정·주주가치
20251030000307,20251030,test,자기주식취득,주가안정·주주가치
20251028000206,20251028,test,자기주식취득,소각
20251023000338,20251023,test,자기주식취득,주가안정·주주가치
20251023000236,20251023,test,자기주식취득,임직원 보상
20251023000141,20251023,test,자기주식취득,주가안정·주주가치
20251020000268,20251020,test,자기주식취득,소각
20251017000078,20251017,test,자기주식취득,주가안정·주주가치
20251016000328,20251016,test,자기주식취득,주가안정·주주가치
20251015000304,20251015,test,자기주식취득,주가안정·주주가치
20251014000220,20251014,test,자기주식취득,주가안정·주주가치
20251010000022,20251010,test,자기주식취득,소각
20251001000354,20251001,test,자기주식취득,소각
20251128001108,20251128,test,자기주식취득,주가안정·주주가치
20251127000963,20251127,test,자기주식취득,기타
20251127000769,20251127,test,자기주식취득,주가안정·주주가치
20251126000554,20251126,test,자기주식취득,주가안정·주주가치
20251126000175,20251126,test,자기주식취득,주가안정·주주가치
20251121000141,20251121,test,자기주식취득,소각
20251121000083,20251121,test,자기주식취득,주가안정·주주가치
20251120000540,20251120,test,자기주식취득,주가안정·주주가치
20251120000377,20251120,test,자기주식취득,주가안정·주주가치
20251120000095,20251120,test,자기주식취득,소각
20251119000029,20251119,test,자기주식취득,임직원 보상
20251118000162,20251118,test,자기주식취득,주가안정·주주가치
20251118000073,20251118,test,자기주식취득,주가안정·주주가치
20251113000603,20251113,test,자기주식취득,임직원 보상
20251111000179,20251111,test,자기주식취득,주가안정·주주가치
20251105000058,20251105,test,자기주식취득,주가안정·주주가치
20251104000181,20251104,test,자기주식취득,소각
20251229000090,20251229,test,자기주식취득,주가안정·주주가치
20251224000560,20251224,test,자기주식취득,주가안정·주주가치
20251222000138,20251222,test,자기주식취득,임직원 보상
20251216000367,20251216,test,자기주식취득,소각
20251216000240,20251216,test,자기주식취득,주가안정·주주가치
20251212000268,20251212,test,자기주식취득,주가안정·주주가치
20251211000205,20251211,test,자기주식취득,주가안정·주주가치
20251210000510,20251210,test,자기주식취득,기타
20251210000369,20251210,test,자기주식취득,주가안정·주주가치
20251210000169,20251210,test,자기주식취득,주가안정·주주가치
20251209000158,20251209,test,자기주식취득,주가안정·주주가치
20251202000219,20251202,test,자기주식취득,소각
20251201000559,20251201,test,자기주식취득,소각
20251201000546,20251201,test,자기주식취득,소각
20260130000357,20260130,test,자기주식취득,주가안정·주주가치
20260130000339,20260130,test,자기주식취득,기타
20260129000755,20260129,test,자기주식취득,소각
20260129000336,20260129,test,자기주식취득,주가안정·주주가치
20260129000256,20260129,test,자기주식취득,소각
20260129000003,20260129,test,자기주식취득,임직원 보상
20260128000189,20260128,test,자기주식취득,주가안정·주주가치
20260126000516,20260126,test,자기주식취득,주가안정·주주가치
20260123000355,20260123,test,자기주식취득,소각
20260120000325,20260120,test,자기주식취득,임직원 보상
20260120000101,20260120,test,자기주식취득,임직원 보상
20260119000183,20260119,test,자기주식취득,주가안정·주주가치
20260115000108,20260115,test,자기주식취득,주가안정·주주가치
20260114000081,20260114,test,자기주식취득,기타
20260109000414,20260109,test,자기주식취득,기타
20260109000149,20260109,test,자기주식취득,소각
20260109000030,20260109,test,자기주식취득,주가안정·주주가치
20260108000200,20260108,test,자기주식취득,주가안정·주주가치
20260107000715,20260107,test,자기주식취득,임직원 보상
20260107000552,20260107,test,자기주식취득,소각
20260227007541,20260227,test,자기주식취득,주가안정·주주가치
20260226004558,20260226,test,자기주식취득,주가안정·주주가치
20260225003990,20260225,test,자기주식취득,소각
20260224003170,20260224,test,자기주식취득,임직원 보상
20260220000866,20260220,test,자기주식취득,소각
20260220000779,20260220,test,자기주식취득,주가안정·주주가치
20260212001232,20260212,test,자기주식취득,임직원 보상
20260211000412,20260211,test,자기주식취득,소각
20260211000385,20260211,test,자기주식취득,주가안정·주주가치
20260211000382,20260211,test,자기주식취득,주가안정·주주가치
20260210000733,20260210,test,자기주식취득,소각
20260209000388,20260209,test,자기주식취득,소각
20260209000267,20260209,test,자기주식취득,소각
20260205000604,20260205,test,자기주식취득,주가안정·주주가치
20260205000375,20260205,test,자기주식취득,주가안정·주주가치
20260205000367,20260205,test,자기주식취득,소각
20260331003716,20260331,test,자기주식취득,주가안정·주주가치
20260331003102,20260331,test,자기주식취득,소각
20260330001327,20260330,test,자기주식취득,소각
20260330000083,20260330,test,자기주식취득,소각
20260327000722,20260327,test,자기주식취득,소각
20260326000258,20260326,test,자기주식취득,임직원 보상
20260325000832,20260325,test,자기주식취득,주가안정·주주가치
20260324000361,20260324,test,자기주식취득,소각
20260320001168,20260320,test,자기주식취득,주가안정·주주가치
20260320000643,20260320,test,자기주식취득,임직원 보상
20260318001220,20260318,test,자기주식취득,주가안정·주주가치
20260318001062,20260318,test,자기주식취득,임직원 보상
20260317000306,20260317,test,자기주식취득,소각
20260313000510,20260313,test,자기주식취득,주가안정·주주가치
20260313000180,20260313,test,자기주식취득,소각
20260309001597,20260309,test,자기주식취득,소각
20260309001389,20260309,test,자기주식취득,임직원 보상
20260305001020,20260305,test,자기주식취득,주가안정·주주가치
20260304001541,20260304,test,자기주식취득,
20260304001442,20260304,test,자기주식취득,기타
20260304001042,20260304,test,자기주식취득,주가안정·주주가치
20260430001425,20260430,test,자기주식취득,소각
20260430001009,20260430,test,자기주식취득,소각
20260428000715,20260428,test,자기주식취득,임직원 보상
20260424000517,20260424,test,자기주식취득,소각
20260424000404,20260424,test,자기주식취득,주가안정·주주가치
20260423000431,20260423,test,자기주식취득,소각
20260422000572,20260422,test,자기주식취득,임직원 보상
20260422000159,20260422,test,자기주식취득,주가안정·주주가치
20260417000328,20260417,test,자기주식취득,기타
20260407002269,20260407,test,자기주식취득,주가안정·주주가치
20260403002466,20260403,test,자기주식취득,임직원 보상
20260401004914,20260401,test,자기주식취득,기타
20260331004988,20260401,test,자기주식취득,임직원 보상
20260529001351,20260529,test,자기주식취득,주가안정·주주가치
20260529001131,20260529,test,자기주식취득,
20260529000753,20260529,test,자기주식취득,임직원 보상
20260529000175,20260529,test,자기주식취득,소각
20260528000480,20260528,test,자기주식취득,주가안정·주주가치
20260526000118,20260526,test,자기주식취득,임직원 보상
20260521000061,20260521,test,자기주식취득,주가안정·주주가치
20260520000175,20260520,test,자기주식취득,주가안정·주주가치
20260519000290,20260519,test,자기주식취득,임직원 보상
20260519000241,20260519,test,자기주식취득,소각
20260519000174,20260519,test,자기주식취득,주가안정·주주가치
20260518000214,20260518,test,자기주식취득,소각
20260518000158,20260518,test,자기주식취득,소각
20260514001204,20260514,test,자기주식취득,임직원 보상
20260514000710,20260514,test,자기주식취득,주가안정·주주가치
20260514000563,20260514,test,자기주식취득,소각
20260514000362,20260514,test,자기주식취득,주가안정·주주가치
20260514000324,20260514,test,자기주식취득,소각
20260513000673,20260513,test,자기주식취득,소각
20260513000521,20260513,test,자기주식취득,소각
20260512000693,20260512,test,자기주식취득,임직원 보상
20260511000704,20260511,test,자기주식취득,주가안정·주주가치
20260506000525,20260506,test,자기주식취득,소각
20260506000350,20260506,test,자기주식취득,주가안정·주주가치
20260506000288,20260506,test,자기주식취득,임직원 보상
20260504000041,20260504,test,자기주식취득,주가안정·주주가치
20260630001092,20260630,test,자기주식취득,주가안정·주주가치
20260629000456,20260629,test,자기주식취득,임직원 보상
20260626000697,20260626,test,자기주식취득,소각
20260626000391,20260626,test,자기주식취득,소각
20260625000376,20260625,test,자기주식취득,임직원 보상
20260625000277,20260625,test,자기주식취득,주가안정·주주가치
20260625000249,20260625,test,자기주식취득,주가안정·주주가치
20260624000318,20260624,test,자기주식취득,임직원 보상
20260624000185,20260624,test,자기주식취득,
20260623000188,20260623,test,자기주식취득,주가안정·주주가치
20260622000324,20260622,test,자기주식취득,주가안정·주주가치
20260622000235,20260622,test,자기주식취득,주가안정·주주가치
20260619000219,20260619,test,자기주식취득,소각
20260617000479,20260617,test,자기주식취득,소각
20260617000461,20260617,test,자기주식취득,주가안정·주주가치
20260617000364,20260617,test,자기주식취득,
20260617000328,20260617,test,자기주식취득,임직원 보상
20260617000178,20260617,test,자기주식취득,주가안정·주주가치
20260616000124,20260616,test,자기주식취득,소각
20260615000433,20260615,test,자기주식취득,주가안정·주주가치
20260615000211,20260615,test,자기주식취득,소각
20260615000137,20260615,test,자기주식취득,주가안정·주주가치
20260615000145,20260615,test,자기주식취득,임직원 보상
20260612000592,20260612,test,자기주식취득,주가안정·주주가치
20260612000606,20260612,test,자기주식취득,임직원 보상
20260610000586,20260610,test,자기주식취득,소각
20260610000366,20260610,test,자기주식취득,주가안정·주주가치
20260610000289,20260610,test,자기주식취득,주가안정·주주가치
20260610000270,20260610,test,자기주식취득,소각
20260609000108,20260609,test,자기주식취득,주가안정·주주가치
20260608000267,20260608,test,자기주식취득,기타
20260608000094,20260608,test,자기주식취득,주가안정·주주가치
20260605000222,20260605,test,자기주식취득,주가안정·주주가치
20260605000102,20260605,test,자기주식취득,주가안정·주주가치
20260602000280,20260602,test,자기주식취득,기타
20260602000125,20260602,test,자기주식취득,주가안정·주주가치
20260601001757,20260601,test,자기주식취득,소각
20260601000804,20260601,test,자기주식취득,주가안정·주주가치
20260601000479,20260601,test,자기주식취득,소각
20260601000391,20260601,test,자기주식취득,소각
20260601000347,20260601,test,자기주식취득,
20260731000555,20260731,test,자기주식취득,주가안정·주주가치
20260731000423,20260731,test,자기주식취득,주가안정·주주가치
20260730000525,20260730,test,자기주식취득,임직원 보상
20260729000365,20260729,test,자기주식취득,
20260729000354,20260729,test,자기주식취득,소각
20260729000224,20260729,test,자기주식취득,주가안정·주주가치
20260729000168,20260729,test,자기주식취득,소각
20260727000184,20260727,test,자기주식취득,주가안정·주주가치
20260724000294,20260724,test,자기주식취득,주가안정·주주가치
20260724000218,20260724,test,자기주식취득,소각
20260723000655,20260723,test,자기주식취득,주가안정·주주가치
20260723000604,20260723,test,자기주식취득,소각
20260723000602,20260723,test,자기주식취득,소각
20260723000311,20260723,test,자기주식취득,주가안정·주주가치
20260723000142,20260723,test,자기주식취득,주가안정·주주가치
20260721001086,20260721,test,자기주식취득,주가안정·주주가치
20260720000152,20260720,test,자기주식취득,소각
20260720000099,20260720,test,자기주식취득,주가안정·주주가치
20260720000090,20260720,test,자기주식취득,주가안정·주주가치
20260716000510,20260716,test,자기주식취득,주가안정·주주가치
20260716000169,20260716,test,자기주식취득,주가안정·주주가치
20260714000392,20260714,test,자기주식취득,임직원 보상
20260714000368,20260714,test,자기주식취득,기타
20260713000105,20260713,test,자기주식취득,주가안정·주주가치
20260710000349,20260710,test,자기주식취득,주가안정·주주가치
20260709000650,20260709,test,자기주식취득,기타
20260709000405,20260709,test,자기주식취득,주가안정·주주가치
20260709000372,20260709,test,자기주식취득,주가안정·주주가치
20260709000306,20260709,test,자기주식취득,소각
20260709000166,20260709,test,자기주식취득,주가안정·주주가치
20260708000588,20260709,test,자기주식취득,임직원 보상
20260708000542,20260708,test,자기주식취득,임직원 보상
20260708000520,20260708,test,자기주식취득,주가안정·주주가치
20260708000159,20260708,test,자기주식취득,주가안정·주주가치
20260708000145,20260708,test,자기주식취득,주가안정·주주가치
20260707000451,20260707,test,자기주식취득,기타
20260707000129,20260707,test,자기주식취득,임직원 보상
20260706000243,20260706,test,자기주식취득,주가안정·주주가치
20260706000193,20260706,test,자기주식취득,소각
20260702000345,20260702,test,자기주식취득,소각
20260701000524,20260701,test,자기주식취득,주가안정·주주가치
20260701000529,20260701,test,자기주식취득,
20260831000538,20260831,test,자기주식취득,주가안정·주주가치
20260831000462,20260831,test,자기주식취득,주가안정·주주가치
20260828001925,20260828,test,자기주식취득,기타
20260828000455,20260828,test,자기주식취득,소각
20260827000843,20260827,test,자기주식취득,임직원 보상
20260825000437,20260825,test,자기주식취득,소각
20260825000332,20260825,test,자기주식취득,소각
20260825000245,20260825,test,자기주식취득,주가안정·주주가치
20260821000616,20260821,test,자기주식취득,임직원 보상
20260819000254,20260819,test,자기주식취득,소각
20260814003959,20260814,test,자기주식취득,임직원 보상
20260814003415,20260814,test,자기주식취득,주가안정·주주가치
20260814000792,20260814,test,자기주식취득,주가안정·주주가치
20260813001419,20260813,test,자기주식취득,주가안정·주주가치
20260813001095,20260813,test,자기주식취득,소각
20260813001171,20260813,test,자기주식취득,주가안정·주주가치
20260813000189,20260813,test,자기주식취득,주가안정·주주가치
20260812000699,20260812,test,자기주식취득,소각
20260811000585,20260811,test,자기주식취득,임직원 보상
20260807000524,20260807,test,자기주식취득,소각
20260807000241,20260807,test,자기주식취득,소각
20260804000268,20260804,test,자기주식취득,소각
20260804000111,20260804,test,자기주식취득,주가안정·주주가치
20260803000270,20260803,test,자기주식취득,
20260803000239,20260803,test,자기주식취득,주가안정·주주가치
20260803000128,20260803,test,자기주식취득,주가안정·주주가치
20260922000457,20260922,test,자기주식취득,주가안정·주주가치
20260922000256,20260922,test,자기주식취득,소각
20260922000002,20260922,test,자기주식취득,주가안정·주주가치
20260918000321,20260918,test,자기주식취득,주가안정·주주가치
20260918000101,20260918,test,자기주식취득,주가안정·주주가치
20260918000068,20260918,test,자기주식취득,소각
20260917000262,20260917,test,자기주식취득,주가안정·주주가치
20260917000211,20260917,test,자기주식취득,주가안정·주주가치
20260910000446,20260910,test,자기주식취득,소각
20260910000116,20260910,test,자기주식취득,주가안정·주주가치
20260909000132,20260909,test,자기주식취득,주가안정·주주가치
20260907000134,20260907,test,자기주식취득,주가안정·주주가치
20260901000130,20260901,test,자기주식취득,주가안정·주주가치
20260901000117,20260901,test,자기주식취득,주가안정·주주가치
20190430001038,20190430,train,유상증자,
20230328000822,20230328,train,유상증자,
20240306000331,20240306,val,유상증자,
20250402003733,20250403,test,유상증자,
20260922000533,20260922,test,유상증자,
20190408000882,20190408,train,유상증자,
20201026000266,20201026,train,유상증자,
20210122000341,20210122,train,유상증자,
20240516002131,20240516,val,유상증자,
20250609000093,20250609,test,유상증자,
20201110000002,20201110,train,유상증자,
20221110000386,20221110,train,유상증자,
20231026000260,20231026,train,유상증자,
20240701000402,20240701,val,유상증자,
20260331004969,20260401,test,유상증자,
20220415000515,20220415,train,유상증자,
20230710000510,20230710,train,유상증자,
20241106000122,20241106,val,유상증자,
20260512000440,20260512,test,유상증자,
20190702000332,20190702,train,유상증자,
20200416000347,20200416,train,유상증자,
20210128000369,20210128,train,유상증자,
20220831000962,20220831,train,유상증자,
20230721000232,20230721,train,유상증자,
20260728000486,20260728,test,유상증자,
20190417000442,20190417,train,유상증자,
20200424000613,20200424,train,유상증자,
20220708000269,20220708,train,유상증자,
20230306000382,20230306,train,유상증자,
20240321001710,20240321,val,유상증자,
20260210000874,20260210,test,유상증자,
20190108000672,20190109,train,유상증자,
20200605000267,20200605,train,유상증자,
20211103000427,20211104,train,유상증자,
20220308000502,20220308,train,유상증자,
20230823000377,20230823,train,유상증자,
20210916000387,20210916,train,유상증자,
20231113000759,20231113,train,유상증자,
20190708000438,20190709,train,유상증자,
20211206000394,20211206,train,유상증자,
20220613000360,20220614,train,유상증자,
20230102000185,20230102,train,유상증자,
20250117000544,20250117,test,유상증자,
20260701000600,20260701,test,유상증자,
20190920000262,20190920,train,유상증자,
20201209000412,20201209,train,유상증자,
20221021000446,20221021,train,유상증자,
20230228006461,20230228,train,유상증자,
20251208000350,20251208,test,유상증자,
20220523000230,20220523,train,유상증자,
20230216001480,20230216,train,유상증자,
20250102000356,20250102,test,유상증자,
20260702000578,20260702,test,유상증자,
20190822000169,20190822,train,유상증자,
20201015000240,20201015,train,유상증자,
20230713000216,20230713,train,유상증자,
20240130000476,20240130,val,유상증자,
20260610000397,20260610,test,유상증자,
20190424000369,20190424,train,유상증자,
20200130000407,20200130,train,유상증자,
20231214000350,20231214,train,유상증자,
20240305000627,20240306,val,유상증자,
20210304000413,20210304,train,유상증자,
20260827001026,20260827,test,유상증자,
20190705000530,20190705,train,유상증자,
20210104000509,20210105,train,유상증자,
20230509000239,20230509,train,유상증자,
20240415000002,20240415,val,유상증자,
20200403003059,20200406,train,유상증자,
20210115000541,20210115,train,유상증자,
20230404003214,20230404,train,유상증자,
20260430001790,20260430,test,유상증자,
20200317000430,20200317,train,유상증자,
20210108000897,20210108,train,유상증자,
20221018000165,20221018,train,유상증자,
20240610000391,20240610,val,유상증자,
20190923001302,20190923,train,유상증자,
20220504000751,20220504,train,유상증자,
20241128001166,20241128,val,유상증자,
20190215000002,20190215,train,유상증자,
20220513001508,20220513,train,유상증자,
20230811002105,20230811,train,유상증자,
20260210000592,20260210,test,유상증자,
20190531001420,20190531,train,유상증자,
20251222000441,20251222,test,유상증자,
20260323000440,20260323,test,유상증자,
20190701000094,20190701,train,유상증자,
20210208000481,20210208,train,유상증자,
20240304000552,20240304,val,유상증자,
20250602001315,20250602,test,유상증자,
20190516000328,20190516,train,유상증자,
20200617000322,20200617,train,유상증자,
20220322000970,20220322,train,유상증자,
20230623000561,20230623,train,유상증자,
20250513000304,20250513,test,유상증자,
20191205000001,20191205,train,유상증자,
20201015000451,20201015,train,유상증자,
20220406002893,20220406,train,유상증자,
20240826000248,20240826,val,유상증자,
20250218001716,20250219,test,유상증자,
20211118000265,20211119,train,유상증자,
20220310000772,20220310,train,유상증자,
20230412002608,20230412,train,유상증자,
20241226000478,20241226,val,유상증자,
20250424000532,20250424,test,유상증자,
20200610000150,20200610,train,유상증자,
20210217000880,20210217,train,유상증자,
20220630000855,20220630,train,유상증자,
20240705000462,20240705,val,유상증자,
20260625000509,20260625,test,유상증자,
20190430001397,20190430,train,유상증자,
20210222002047,20210222,train,유상증자,
20221005000437,20221005,train,유상증자,
20230127000477,20230127,train,유상증자,
20251216000522,20251217,test,유상증자,
20191218000403,20191218,train,유상증자,
20200110000587,20200110,train,유상증자,
20210902000010,20210902,train,유상증자,
20221006000535,20221006,train,유상증자,
20240902000333,20240902,val,유상증자,
20260116000153,20260116,test,유상증자,
20221130001577,20221130,train,유상증자,
20231019000320,20231019,train,유상증자,
20240708000361,20240708,val,유상증자,
20250908000201,20250908,test,유상증자,
20260716000400,20260716,test,유상증자,
20201223000627,20201223,train,유상증자,
20210903000394,20210903,train,유상증자,
20220127000001,20220127,train,유상증자,
20251210000504,20251210,test,유상증자,
20260818000126,20260818,test,유상증자,
20200330004255,20200330,train,유상증자,
20211118000261,20211119,train,유상증자,
20220329000555,20220329,train,유상증자,
20240126000528,20240126,val,유상증자,
20260513000250,20260513,test,유상증자,
20191210000252,20191210,train,유상증자,
20210415000497,20210415,train,유상증자,
20231205000431,20231205,train,유상증자,
20250428000703,20250428,test,유상증자,
20260904000281,20260904,test,유상증자,
20200313001218,20200316,train,유상증자,
20190410003228,20190410,train,유상증자,
20201106000282,20201106,train,유상증자,
20211028000429,20211028,train,유상증자,
20190611000362,20190611,train,전환사채,
20210209000807,20210209,train,전환사채,
20240612000419,20240613,val,전환사채,
20260626000541,20260626,test,전환사채,
20190517000081,20190517,train,전환사채,
20210901000420,20210901,train,전환사채,
20221213000299,20221213,train,전환사채,
20230308000335,20230308,train,전환사채,
20260522000640,20260522,test,전환사채,
20200306000918,20200309,train,전환사채,
20210726000302,20210726,train,전환사채,
20250625000490,20250625,test,전환사채,
20190308000905,20190308,train,전환사채,
20200511000761,20200511,train,전환사채,
20210310000972,20210310,train,전환사채,
20221118000539,20221118,train,전환사채,
20230531002920,20230531,train,전환사채,
20241217000003,20241217,val,전환사채,
20260130000682,20260130,test,전환사채,
20190816000242,20190816,train,전환사채,
20201221000239,20201221,train,전환사채,
20211207000002,20211207,train,전환사채,
20220615000407,20220615,train,전환사채,
20231205000469,20231205,train,전환사채,
20240820000412,20240821,val,전환사채,
20260512000759,20260513,test,전환사채,
20190321000533,20190321,train,전환사채,
20230623000350,20230623,train,전환사채,
20250724000307,20250724,test,전환사채,
20191016000340,20191016,train,전환사채,
20200115000520,20200115,train,전환사채,
20210217000904,20210217,train,전환사채,
20250923000400,20250923,test,전환사채,
20190517000144,20190517,train,전환사채,
20200423000215,20200423,train,전환사채,
20210623000467,20210623,train,전환사채,
20240115000347,20240115,val,전환사채,
20250110000446,20250110,test,전환사채,
20200730000366,20200730,train,전환사채,
20210210000002,20210210,train,전환사채,
20221205000397,20221205,train,전환사채,
20231113000768,20231113,train,전환사채,
20260910000248,20260910,test,전환사채,
20210726000004,20210726,train,전환사채,
20251217000606,20251218,test,전환사채,
20260430001853,20260430,test,전환사채,
20190926001035,20190926,train,전환사채,
20220725000344,20220725,train,전환사채,
20230602000001,20230602,train,전환사채,
20250212001030,20250212,test,전환사채,
20231108000333,20231108,train,전환사채,
20260814003891,20260814,test,전환사채,
20190423000157,20190423,train,전환사채,
20200828001380,20200831,train,전환사채,
20220921000002,20220921,train,전환사채,
20230517000312,20230517,train,전환사채,
20240415000955,20240415,val,전환사채,
20250917000367,20250917,test,전환사채,
20210224002653,20210224,train,전환사채,
20220221000002,20220221,train,전환사채,
20230811002387,20230811,train,전환사채,
20240426000737,20240426,val,전환사채,
20260423000749,20260423,test,전환사채,
20190215000635,20190215,train,전환사채,
20201209000516,20201209,train,전환사채,
20210422000514,20210422,train,전환사채,
20230518000346,20230519,train,전환사채,
20251208000354,20251208,test,전환사채,
20260417000708,20260417,test,전환사채,
20200921000397,20200921,train,전환사채,
20211216000436,20211216,train,전환사채,
20240821000354,20240821,val,전환사채,
20250515002946,20250515,test,전환사채,
20260204000609,20260205,test,전환사채,
20220914000213,20220914,train,전환사채,
20230102000288,20230102,train,전환사채,
20240223002359,20240223,val,전환사채,
20250711000002,20250711,test,전환사채,
20200303000563,20200303,train,전환사채,
20220406002490,20220406,train,전환사채,
20240202000353,20240202,val,전환사채,
20190319000664,20190319,train,전환사채,
20200218000908,20200218,train,전환사채,
20210409000001,20210409,train,전환사채,
20230726000146,20230726,train,전환사채,
20240322000398,20240322,val,전환사채,
20250811000481,20250811,test,전환사채,
20200902000166,20200902,train,전환사채,
20210421000400,20210421,train,전환사채,
20220808000240,20220808,train,전환사채,
20230509000699,20230510,train,전환사채,
20241024000452,20241024,val,전환사채,
20250903000369,20250903,test,전환사채,
20260326001094,20260326,test,전환사채,
20190410001184,20190410,train,전환사채,
20210726000299,20210726,train,전환사채,
20220628000484,20220628,train,전환사채,
20240730000310,20240730,val,전환사채,
20260316001577,20260316,test,전환사채,
20231219000375,20231219,train,전환사채,
20240527000227,20240527,val,전환사채,
20251215000366,20251215,test,전환사채,
20260526000523,20260526,test,전환사채,
20190906000327,20190906,train,전환사채,
20210907000237,20210907,train,전환사채,
20220711000647,20220712,train,전환사채,
20260519000254,20260519,test,전환사채,
20191029000432,20191029,train,전환사채,
20210105000515,20210105,train,전환사채,
20220530000758,20220530,train,전환사채,
20240112000425,20240112,val,전환사채,
20250729000174,20250729,test,전환사채,
20260116000487,20260116,test,전환사채,
20190305000340,20190305,train,전환사채,
20200402002261,20200402,train,전환사채,
20210205000808,20210205,train,전환사채,
20220923000544,20220926,train,전환사채,
20230131000267,20230131,train,전환사채,
20251128001590,20251128,test,전환사채,
20260807000388,20260807,test,전환사채,
20191119000004,20191119,train,전환사채,
20210907000215,20210907,train,전환사채,
20220427000459,20220427,train,전환사채,
20230712000291,20230712,train,전환사채,
20241119000120,20241119,val,전환사채,
20251120000308,20251120,test,전환사채,
20260914000252,20260914,test,전환사채,
20190625000300,20190625,train,전환사채,
20211112001078,20211112,train,전환사채,
20221111000888,20221111,train,전환사채,
20230414001796,20230414,train,전환사채,
20240223002434,20240223,val,전환사채,
20250929000280,20250929,test,전환사채,
20191119000237,20191119,train,전환사채,
20200214000594,20200214,train,전환사채,
20220613000210,20220613,train,전환사채,
20230707000578,20230707,train,전환사채,
20240619000002,20240619,val,전환사채,
20251029000407,20251029,test,전환사채,
20260513000690,20260513,test,전환사채,
20190116000131,20190116,train,전환사채,
20200519000240,20200519,train,전환사채,
20210726000300,20210726,train,전환사채,
20220725000316,20220725,train,전환사채,
20240418000426,20240418,val,전환사채,
20250902000219,20250902,test,전환사채,
20260416000470,20260416,test,전환사채,
20200709000428,20200710,train,전환사채,
20220211000003,20220211,train,전환사채,
20230419000431,20230419,train,전환사채,
20260312001440,20260313,test,전환사채,
20200824000160,20200824,train,전환사채,
20210630000983,20210630,train,전환사채,
20221019000325,20221019,train,전환사채,
20240321000010,20240321,val,전환사채,
20190329002983,20190329,train,전환사채,
20200615000095,20200615,train,전환사채,
20230703000399,20230704,train,전환사채,
20250729000268,20250729,test,전환사채,
20260831001414,20260831,test,전환사채,
20201127001379,20201127,train,전환사채,
20221213000304,20221213,train,전환사채,
20190909000843,20190909,train,신주인수권부사채,
20201125000578,20201125,train,신주인수권부사채,
20210611000263,20210611,train,신주인수권부사채,
20220801000278,20220802,train,신주인수권부사채,
20240605000361,20240605,val,신주인수권부사채,
20260204000611,20260205,test,신주인수권부사채,
20200601000674,20200601,train,신주인수권부사채,
20210713000229,20210713,train,신주인수권부사채,
20220913000340,20220913,train,신주인수권부사채,
20251119000256,20251119,test,신주인수권부사채,
20221026000434,20221026,train,신주인수권부사채,
20250808000002,20250808,test,신주인수권부사채,
20190708000450,20190709,train,신주인수권부사채,
20211104000334,20211104,train,신주인수권부사채,
20220913000207,20220913,train,신주인수권부사채,
20230911000426,20230911,train,신주인수권부사채,
20240325000951,20240326,val,신주인수권부사채,
20250917000381,20250917,test,신주인수권부사채,
20260520000262,20260520,test,신주인수권부사채,
20190201000172,20190201,train,신주인수권부사채,
20230627000310,20230627,train,신주인수권부사채,
20250814004454,20250814,test,신주인수권부사채,
20210504000615,20210504,train,신주인수권부사채,
20220805000005,20220805,train,신주인수권부사채,
20230621000408,20230621,train,신주인수권부사채,
20200917000269,20200917,train,신주인수권부사채,
20211026000301,20211026,train,신주인수권부사채,
20220329001289,20220329,train,신주인수권부사채,
20240628001046,20240628,val,신주인수권부사채,
20250616000290,20250616,test,신주인수권부사채,
20190308000916,20190308,train,신주인수권부사채,
20210819000233,20210819,train,신주인수권부사채,
20220311000011,20220311,train,신주인수권부사채,
20251202000182,20251202,test,신주인수권부사채,
20260916000348,20260916,test,신주인수권부사채,
20190228000001,20190228,train,신주인수권부사채,
20231129000474,20231129,train,신주인수권부사채,
20241118000118,20241118,val,신주인수권부사채,
20260626000531,20260626,test,신주인수권부사채,
20230913000268,20230913,train,신주인수권부사채,
20260204000472,20260204,test,신주인수권부사채,
20201130001573,20201130,train,신주인수권부사채,
20210105000519,20210105,train,신주인수권부사채,
20230913000259,20230913,train,신주인수권부사채,
20240521000183,20240521,val,신주인수권부사채,
20251002000306,20251002,test,신주인수권부사채,
20200928000303,20200928,train,신주인수권부사채,
20220720000379,20220720,train,신주인수권부사채,
20260313000576,20260313,test,신주인수권부사채,
20190529000284,20190529,train,신주인수권부사채,
20210726000162,20210726,train,신주인수권부사채,
20220321000674,20220321,train,신주인수권부사채,
20230613000340,20230613,train,신주인수권부사채,
20240820000079,20240820,val,신주인수권부사채,
20191010000526,20191010,train,신주인수권부사채,
20210628000353,20210628,train,신주인수권부사채,
20230515002921,20230515,train,신주인수권부사채,
20240806000311,20240806,val,신주인수권부사채,
20251212000428,20251212,test,신주인수권부사채,
20221227000593,20221227,train,신주인수권부사채,
20230310000707,20230310,train,신주인수권부사채,
20240712000374,20240712,val,신주인수권부사채,
20251208000439,20251208,test,신주인수권부사채,
20191126000137,20191126,train,신주인수권부사채,
20201223000652,20201223,train,신주인수권부사채,
20210804000173,20210804,train,신주인수권부사채,
20230601000196,20230601,train,신주인수권부사채,
20191030000240,20191030,train,신주인수권부사채,
20200601000657,20200601,train,신주인수권부사채,
20210719000249,20210719,train,신주인수권부사채,
20220727000175,20220727,train,신주인수권부사채,
20240820000070,20240820,val,신주인수권부사채,
20191118000151,20191118,train,신주인수권부사채,
20210310000639,20210310,train,신주인수권부사채,
20230816000171,20230816,train,신주인수권부사채,
20241125000377,20241125,val,신주인수권부사채,
20190725000354,20190725,train,신주인수권부사채,
20200824000377,20200824,train,신주인수권부사채,
20200117000094,20200117,train,신주인수권부사채,
20241202000323,20241202,val,신주인수권부사채,
20230512001097,20230512,train,신주인수권부사채,
20240308000871,20240308,val,신주인수권부사채,
20191216000387,20191216,train,신주인수권부사채,
20200916000345,20200916,train,신주인수권부사채,
20211001000461,20211001,train,신주인수권부사채,
20220805000001,20220805,train,신주인수권부사채,
20231227000254,20231227,train,신주인수권부사채,
20191014000003,20191014,train,신주인수권부사채,
20201120000518,20201120,train,신주인수권부사채,
20210531002664,20210531,train,신주인수권부사채,
20220311000014,20220311,train,신주인수권부사채,
20230328000691,20230328,train,신주인수권부사채,
20240829001606,20240829,val,신주인수권부사채,
20200617000300,20200617,train,신주인수권부사채,
20210831001906,20210831,train,신주인수권부사채,
20230315000542,20230315,train,신주인수권부사채,
20240508000393,20240508,val,신주인수권부사채,
20211228000579,20211228,train,신주인수권부사채,
20220413002047,20220413,train,신주인수권부사채,
20231201000002,20231201,train,신주인수권부사채,
20240429001138,20240429,val,신주인수권부사채,
20200820000004,20200820,train,신주인수권부사채,
20210820000242,20210820,train,신주인수권부사채,
20220307000360,20220307,train,신주인수권부사채,
20230315000004,20230315,train,신주인수권부사채,
20240712000492,20240712,val,신주인수권부사채,
20200508000517,20200508,train,신주인수권부사채,
20220617000270,20220617,train,신주인수권부사채,
20200219000780,20200219,train,신주인수권부사채,
20210726000260,20210726,train,신주인수권부사채,
20190611000371,20190611,train,신주인수권부사채,
20200901000070,20200901,train,무상증자,
20210512000160,20210512,train,무상증자,
20221226000094,20221226,train,무상증자,
20231106000177,20231106,train,무상증자,
20260629000118,20260629,test,무상증자,
20190906000418,20190906,train,무상증자,
20210302003571,20210302,train,무상증자,
20251203000369,20251204,test,무상증자,
20260715000358,20260715,test,무상증자,
20191210000159,20191210,train,무상증자,
20210527000053,20210527,train,무상증자,
20231017000037,20231017,train,무상증자,
20260604000091,20260604,test,무상증자,
20200703000258,20200703,train,무상증자,
20210303000067,20210303,train,무상증자,
20220705000077,20220705,train,무상증자,
20230330000816,20230330,train,무상증자,
20240321000270,20240321,val,무상증자,
20250710000399,20250710,test,무상증자,
20210520000065,20210520,train,무상증자,
20230214001159,20230214,train,무상증자,
20250724000063,20250724,test,무상증자,
20260615000321,20260615,test,무상증자,
20190129000023,20190129,train,무상증자,
20230228001544,20230228,train,무상증자,
20250710000053,20250710,test,무상증자,
20220315000755,20220315,train,무상증자,
20250630000389,20250630,test,무상증자,
20190311000346,20190311,train,무상증자,
20201216000198,20201216,train,무상증자,
20220712000133,20220712,train,무상증자,
20231106000184,20231106,train,무상증자,
20240911000083,20240911,val,무상증자,
20260612000174,20260612,test,무상증자,
20190513000109,20190513,train,무상증자,
20201215000046,20201215,train,무상증자,
20210708000144,20210708,train,무상증자,
20231215000515,20231215,train,무상증자,
20251218000111,20251218,test,무상증자,
20190213000207,20190213,train,무상증자,
20200701000071,20200701,train,무상증자,
20210226000094,20210226,train,무상증자,
20230120000475,20230120,train,무상증자,
20190315000139,20190315,train,무상증자,
20200407002709,20200407,train,무상증자,
20211215000122,20211215,train,무상증자,
20240228008569,20240228,val,무상증자,
20250917000048,20250917,test,무상증자,
20191118000008,20191118,train,무상증자,
20201214000508,20201214,train,무상증자,
20210226000085,20210226,train,무상증자,
20221122000074,20221122,train,무상증자,
20231218000033,20231218,train,무상증자,
20240507000095,20240507,val,무상증자,
20250825000144,20250825,test,무상증자,
20200908000002,20200908,train,무상증자,
20231221000370,20231221,train,무상증자,
20250107000137,20250107,test,무상증자,
20191210000064,20191210,train,무상증자,
20230822000063,20230822,train,무상증자,
20240103000002,20240103,val,무상증자,
20200429001136,20200429,train,무상증자,
20211215000107,20211215,train,무상증자,
20220322000175,20220322,train,무상증자,
20230921000079,20230921,train,무상증자,
20241104000041,20241104,val,무상증자,
20201216000130,20201216,train,무상증자,
20190311000378,20190311,train,무상증자,
20201215000179,20201215,train,무상증자,
20211216000268,20211216,train,무상증자,
20220719000084,20220719,train,무상증자,
20230925000338,20230925,train,무상증자,
20250407000700,20250407,test,무상증자,
20260212000138,20260212,test,무상증자,
20211209000421,20211209,train,무상증자,
20240221000261,20240221,val,무상증자,
20260114000093,20260114,test,무상증자,
20190228000002,20190228,train,무상증자,
20201120000085,20201120,train,무상증자,
20220727000082,20220727,train,무상증자,
20230707000446,20230707,train,무상증자,
20241216000316,20241216,val,무상증자,
20251022000060,20251022,test,무상증자,
20191212000262,20191212,train,무상증자,
20201015000100,20201015,train,무상증자,
20220607000005,20220607,train,무상증자,
20241204000188,20241204,val,무상증자,
20190628000456,20190628,train,무상증자,
20200706000087,20200706,train,무상증자,
20210811000117,20210811,train,무상증자,
20231011000134,20231011,train,무상증자,
20251222000129,20251222,test,무상증자,
20190701000083,20190701,train,무상증자,
20200609000070,20200609,train,무상증자,
20210705000189,20210705,train,무상증자,
20220330001744,20220330,train,무상증자,
20230803000235,20230803,train,무상증자,
20240816000089,20240816,val,무상증자,
20250804000119,20250804,test,무상증자,
20190722000008,20190722,train,무상증자,
20200914000026,20200914,train,무상증자,
20210625000370,20210625,train,무상증자,
20220729000447,20220729,train,무상증자,
20231020000213,20231020,train,무상증자,
20191210000123,20191210,train,무상증자,
20211216000370,20211216,train,무상증자,
20230620000066,20230620,train,무상증자,
20251224000396,20251224,test,무상증자,
20190617000110,20190617,train,무상증자,
20200618000200,20200618,train,무상증자,
20221109000011,20221109,train,무상증자,
20251216000254,20251216,test,무상증자,
20260417000278,20260417,test,무상증자,
20200206000384,20200206,train,자기주식처분,
20230508000407,20230508,train,자기주식처분,
20241112000292,20241112,val,자기주식처분,
20251103000155,20251103,test,자기주식처분,
20190626000310,20190626,train,자기주식처분,
20230425000186,20230425,train,자기주식처분,
20241021000228,20241021,val,자기주식처분,
20260212001096,20260212,test,자기주식처분,
20241209000150,20241209,val,자기주식처분,
20251209000290,20251209,test,자기주식처분,
20201006000545,20201006,train,자기주식처분,
20211229000311,20211229,train,자기주식처분,
20220830001098,20220830,train,자기주식처분,
20230911000338,20230911,train,자기주식처분,
20190110000593,20190110,train,자기주식처분,
20200305000591,20200305,train,자기주식처분,
20210204000450,20210204,train,자기주식처분,
20220103000248,20220103,train,자기주식처분,
20251208000318,20251208,test,자기주식처분,
20260429000004,20260429,test,자기주식처분,
20221111000860,20221111,train,자기주식처분,
20230512001437,20230512,train,자기주식처분,
20260303003109,20260303,test,자기주식처분,
20191219000246,20191219,train,자기주식처분,
20200928000349,20200928,train,자기주식처분,
20230418000376,20230418,train,자기주식처분,
20250912000150,20250912,test,자기주식처분,
20190731000166,20190731,train,자기주식처분,
20201117000234,20201117,train,자기주식처분,
20210325000301,20210325,train,자기주식처분,
20220613000276,20220613,train,자기주식처분,
20230222002468,20230222,train,자기주식처분,
20250326001244,20250326,test,자기주식처분,
20191218000088,20191218,train,자기주식처분,
20200630000661,20200630,train,자기주식처분,
20211027000332,20211027,train,자기주식처분,
20220607000243,20220607,train,자기주식처분,
20240521000265,20240521,val,자기주식처분,
20250707000207,20250707,test,자기주식처분,
20260324000904,20260324,test,자기주식처분,
20190320000539,20190320,train,자기주식처분,
20200103000270,20200103,train,자기주식처분,
20240325000590,20240325,val,자기주식처분,
20260625000483,20260625,test,자기주식처분,
20190305000300,20190305,train,자기주식처분,
20200129000264,20200129,train,자기주식처분,
20220419000119,20220419,train,자기주식처분,
20241031000437,20241031,val,자기주식처분,
20260212001430,20260212,test,자기주식처분,
20200820000323,20200820,train,자기주식처분,
20220214001024,20220214,train,자기주식처분,
20240903000430,20240903,val,자기주식처분,
20200504000379,20200504,train,자기주식처분,
20210723000409,20210723,train,자기주식처분,
20220509000712,20220509,train,자기주식처분,
20230217001678,20230217,train,자기주식처분,
20251020000328,20251020,test,자기주식처분,
20190805000268,20190805,train,자기주식처분,
20240223002213,20240223,val,자기주식처분,
20260429000005,20260429,test,자기주식처분,
20190726000390,20190726,train,자기주식처분,
20201222000516,20201222,train,자기주식처분,
20230119000428,20230119,train,자기주식처분,
20240418000484,20240418,val,자기주식처분,
20260211000996,20260211,test,자기주식처분,
20200526000373,20200526,train,자기주식처분,
20210701000148,20210701,train,자기주식처분,
20220209000190,20220209,train,자기주식처분,
20230707000297,20230707,train,자기주식처분,
20241209000396,20241209,val,자기주식처분,
20250422000455,20250422,test,자기주식처분,
20260223002781,20260223,test,자기주식처분,
20190821000495,20190821,train,자기주식처분,
20200709000284,20200709,train,자기주식처분,
20221222000396,20221222,train,자기주식처분,
20230724000284,20230724,train,자기주식처분,
20240125000624,20240125,val,자기주식처분,
20250901000516,20250901,test,자기주식처분,
20191001000464,20191001,train,자기주식처분,
20200902000336,20200902,train,자기주식처분,
20230308000686,20230308,train,자기주식처분,
20190321000925,20190321,train,자기주식처분,
20200521000334,20200521,train,자기주식처분,
20210810000317,20210810,train,자기주식처분,
20231212000092,20231212,train,자기주식처분,
20260226005792,20260226,test,자기주식처분,
20231218000160,20231218,train,자기주식처분,
20260202000433,20260202,test,자기주식처분,
20190903000228,20190903,train,자기주식처분,
20200121000404,20200121,train,자기주식처분,
20220421000480,20220421,train,자기주식처분,
20230327000772,20230327,train,자기주식처분,
20251223000772,20251223,test,자기주식처분,
20190208000386,20190208,train,자기주식처분,
20211215000348,20211215,train,자기주식처분,
20240207000854,20240207,val,자기주식처분,
20250430001089,20250430,test,자기주식처분,
20260410002610,20260410,test,자기주식처분,
20190117000310,20190117,train,자기주식처분,
20201207000402,20201207,train,자기주식처분,
20210722000325,20210722,train,자기주식처분,
20250826000388,20250826,test,자기주식처분,
20260625000469,20260625,test,자기주식처분,
20190923000407,20190923,train,자기주식처분,
20211215000177,20211215,train,자기주식처분,
20220125000589,20220125,train,자기주식처분,
20230613000350,20230613,train,자기주식처분,
20260310003117,20260311,test,자기주식처분,
20200513000706,20200513,train,자기주식처분,
20210208000050,20210208,train,자기주식처분,
20230821000326,20230821,train,자기주식처분,
20240701000614,20240701,val,자기주식처분,
20260326001350,20260326,test,자기주식처분,
20191024000251,20191024,train,자기주식처분,
20200521000480,20200521,train,자기주식처분,
20210421000553,20210421,train,자기주식처분,
20240327000845,20240327,val,자기주식처분,
20250915000245,20250915,test,자기주식처분,
20260415000591,20260415,test,자기주식처분,
20200914000337,20200914,train,자기주식처분,
20220620000109,20220620,train,자기주식처분,
20231026000465,20231027,train,자기주식처분,
20240621000003,20240621,val,자기주식처분,
20251216000431,20251216,test,자기주식처분,
20260714000371,20260714,test,자기주식처분,
20190925001424,20190925,train,자기주식처분,
20220711000313,20220711,train,자기주식처분,
20230906000293,20230906,train,자기주식처분,
20241224000455,20241224,val,자기주식처분,
20260212001723,20260212,test,자기주식처분,
20190715000256,20190715,train,자기주식처분,
20201014000241,20201014,train,자기주식처분,
20210115000446,20210115,train,자기주식처분,
20221215000414,20221215,train,자기주식처분,
20240523000382,20240523,val,자기주식처분,
20250106000223,20250106,test,자기주식처분,
20260326001478,20260326,test,자기주식처분,
20210331002698,20210331,train,자기주식처분,
20220503000406,20220503,train,자기주식처분,
20230530000292,20230530,train,자기주식처분,
20240229002336,20240229,val,자기주식처분,
20190927000435,20190927,train,자기주식처분,
20200610000387,20200610,train,자기주식처분,
20210525000343,20210525,train,자기주식처분,
20260212001448,20260212,test,자기주식처분,
20251110000169,20251110,test,자기주식처분,
20200710000621,20200710,train,자기주식처분,
20221223000394,20221223,train,자기주식처분,
20190429000693,20190429,train,기타,
20220302000323,20220302,train,기타,
20230328000914,20230328,train,기타,
20240123000265,20240123,val,기타,
20251016000371,20251016,test,기타,
20260915000305,20260915,test,기타,
20191218000172,20191218,train,기타,
20200716000375,20200716,train,기타,
20240827000832,20240827,val,기타,
20250911000363,20250911,test,기타,
20260918000200,20260918,test,기타,
20210219001076,20210219,train,기타,
20220408002040,20220408,train,기타,
20231114002108,20231114,train,기타,
20250213001326,20250213,test,기타,
20260203000374,20260203,test,기타,
20190329003312,20190329,train,기타,
20201123000258,20201123,train,기타,
20240208000892,20240208,val,기타,
20260831000712,20260831,test,기타,
20201014000170,20201014,train,기타,
20221014000451,20221014,train,기타,
20240423000663,20240423,val,기타,
20250722000065,20250722,test,기타,
20260828001496,20260828,test,기타,
20190208000467,20190208,train,기타,
20200812000048,20200812,train,기타,
20230913000001,20230913,train,기타,
20260713000007,20260713,test,기타,
20190611000111,20190611,train,기타,
20200219001049,20200219,train,기타,
20220414001905,20220414,train,기타,
20260512000705,20260512,test,기타,
20201207000472,20201208,train,기타,
20220929000370,20220929,train,기타,
20230324001131,20230324,train,기타,
20240119000397,20240119,val,기타,
20260820000420,20260820,test,기타,
20190828000475,20190828,train,기타,
20200601000704,20200601,train,기타,
20220121000416,20220121,train,기타,
20230314001309,20230315,train,기타,
20260402002934,20260402,test,기타,
20211027000244,20211027,train,기타,
20221129000319,20221129,train,기타,
20231220000147,20231220,train,기타,
20240807000135,20240807,val,기타,
20251015000290,20251015,test,기타,
20260211001031,20260211,test,기타,
20211214000395,20211214,train,기타,
20220830001426,20220830,train,기타,
20230420000391,20230420,train,기타,
20250529000398,20250529,test,기타,
20200320000259,20200320,train,기타,
20220504000764,20220504,train,기타,
20240502000415,20240502,val,기타,
20251210000288,20251210,test,기타,
20260915000276,20260915,test,기타,
20210825000061,20210825,train,기타,
20220330001824,20220331,train,기타,
20240215000595,20240215,val,기타,
20260602000317,20260602,test,기타,
20191025000348,20191025,train,기타,
20220526000296,20220526,train,기타,
20240326000002,20240326,val,기타,
20251016000367,20251016,test,기타,
20260713000324,20260713,test,기타,
20201023000148,20201023,train,기타,
20210319000351,20210319,train,기타,
20250929000381,20250929,test,기타,
20260206000810,20260206,test,기타,
20190429000806,20190429,train,기타,
20210614000007,20210614,train,기타,
20220624000269,20220624,train,기타,
20240731000249,20240731,val,기타,
20250317000873,20250317,test,기타,
20201229000589,20201229,train,기타,
20210427000415,20210427,train,기타,
20231130001834,20231130,train,기타,
20241216000277,20241216,val,기타,
20250328001729,20250328,test,기타,
20260608000384,20260608,test,기타,
20201111000265,20201111,train,기타,
20260213002890,20260213,test,기타,
20190611000082,20190611,train,기타,
20200611000173,20200611,train,기타,
20210820000405,20210820,train,기타,
20220923000340,20220923,train,기타,
20230809000710,20230809,train,기타,
20240510000937,20240510,val,기타,
20250102000365,20250102,test,기타,
20260811000693,20260811,test,기타,
20201110000239,20201110,train,기타,
20210312001004,20210312,train,기타,
20221209000729,20221209,train,기타,
20230524000273,20230524,train,기타,
20250331003275,20250331,test,기타,
20230630000815,20230630,train,기타,
20240119000392,20240119,val,기타,
20250909000263,20250909,test,기타,
20260706000443,20260706,test,기타,
20210312001023,20210312,train,기타,
20221014000171,20221014,train,기타,
20260630000236,20260630,test,기타,
20200319001090,20200319,train,기타,
20250821000036,20250821,test,기타,
20260727000338,20260727,test,기타,
20200806000377,20200806,train,기타,
20230517000001,20230517,train,기타,
20260521000535,20260521,test,기타,
20200720000232,20200720,train,기타,
20210628000277,20210628,train,기타,
20220422000357,20220422,train,기타,
20231129000002,20231129,train,기타,
20240610000394,20240610,val,기타,
20250922000288,20250922,test,기타,
20200401002455,20200401,train,기타,
20210329001242,20210330,train,기타,
20221121000158,20221121,train,기타,
20240202000360,20240202,val,기타,
20250206000430,20250206,test,기타,
20190430000952,20190430,train,기타,
20230921000139,20230921,train,기타,
20240510001065,20240510,val,기타,
20190415000753,20190415,train,기타,
20221219000113,20221219,train,기타,
20241120000326,20241120,val,기타,
20250307000645,20250307,test,기타,
20200305000305,20200305,train,기타,
20240105000059,20240105,val,기타,
20190603000092,20190603,train,기타,
20220210000005,20220210,train,기타,
20241105000170,20241105,val,기타,
20260909000079,20260909,test,기타,
20191011000209,20191011,train,기타,
20210820000201,20210820,train,기타,
20231010000247,20231010,train,기타,
20260312001101,20260312,test,기타,
20200403003072,20200406,train,기타,
20210209000808,20210209,train,기타,
20221215000415,20221215,train,기타,
20190116000382,20190117,train,기타,
20210309000001,20210309,train,기타,
20240228007346,20240228,val,기타,
20250430000388,20250430,test,기타,
20190304000280,20190304,train,기타,
20201105000122,20201105,train,기타,
20220829000433,20220829,train,기타,
20230421000636,20230421,train,기타,
20260309001726,20260309,test,기타,
20191021000257,20191021,train,기타,
20200810000210,20200810,train,기타,
20221118000630,20221118,train,기타,
20240605000234,20240605,val,기타,
20260430001776,20260430,test,기타,
20191206000627,20191206,train,기타,
20200921000351,20200921,train,기타,
20250429000983,20250430,test,기타,
20260611000550,20260611,test,기타,
20210419000318,20210419,train,기타,
20230406002076,20230406,train,기타,
20201113001192,20201113,train,기타,
20211013000359,20211013,train,기타,
20221020000179,20221020,train,기타,
20230427000684,20230427,train,기타,
20240626000320,20240626,val,기타,
20250117000468,20250117,test,기타,
20260331003506,20260331,test,기타,
20211222000189,20211222,train,기타,
20230227006069,20230227,train,기타,
20260211000379,20260211,test,기타,
20190201000676,20190201,train,기타,
20210712000343,20210712,train,기타,
20220503000529,20220503,train,기타,
20241224000529,20241224,val,기타,
