,BASE,ADD_BUFFETT,ADD_FSCORE,BUFFETT_for_EP,BUFFETT_for_SP,BUFFETT_for_ROE,BUFFETT_for_OPG,BUFFETT_for_OPG_Q,BUFFETT_for_VOL60,BUFFETT_for_TURN20,FSCORE_for_EP,FSCORE_for_SP,FSCORE_for_ROE,FSCORE_for_OPG,FSCORE_for_OPG_Q,FSCORE_for_VOL60,FSCORE_for_TURN20
2019-12-30,,,,,,,,,,,,,,0.13386439788498483,,,
2020-01-31,,,,,,,,,,,,,,0.10494077113041071,,,
2020-02-28,,,,,,,,,,,,,,-0.04065678425668292,,,
2020-03-31,,,,,,,,,,,,,,0.054861082565356066,,,
2020-04-29,-0.004250221636662612,-0.004250221636662612,0.012068393459100194,-0.004250221636662612,-0.004250221636662612,-0.004250221636662612,-0.004250221636662612,-0.004250221636662612,-0.004250221636662612,-0.004250221636662612,0.012085203489149082,0.033604588440150907,0.0007722672130182472,0.04089216531017204,0.016484354146580303,0.03818239555477246,0.023101638312011005
2020-05-29,0.03945244292225165,0.03945244292225165,0.0345291782449478,0.03945244292225165,0.03945244292225165,0.03945244292225165,0.03945244292225165,0.03945244292225165,0.03945244292225165,0.03945244292225165,0.04792204336309456,0.06449427971248037,0.03340294452629455,0.02753294785804512,0.01110680643211387,0.032225336346770043,0.018909611318542862
2020-06-30,0.00849698639368668,0.00849698639368668,0.012113220698109875,0.00849698639368668,0.00849698639368668,0.00849698639368668,0.00849698639368668,0.00849698639368668,0.00849698639368668,0.00849698639368668,0.004310707001343137,0.022715406843442986,-0.010321070090596315,0.0860351207277238,-0.005342478037078425,0.029514893857753754,0.0423898789996321
2020-07-31,-0.006046567074927188,-0.006046567074927188,-0.006481136528306484,-0.006046567074927188,-0.006046567074927188,-0.006046567074927188,-0.006046567074927188,-0.006046567074927188,-0.006046567074927188,-0.006046567074927188,0.002544880080934899,-0.0003956177205576186,-0.006712119696065439,-0.012459363805277613,-0.006879541824937455,-0.011364230980318954,-0.011780923105180929
2020-08-31,0.104848914454408,0.104848914454408,0.08955953264253999,0.104848914454408,0.104848914454408,0.104848914454408,0.104848914454408,0.104848914454408,0.104848914454408,0.104848914454408,0.0841211817374648,0.06372782345196513,0.10862022557852608,0.09173931954604549,0.10815181321032415,0.061192501313686795,0.05570425863184955
2020-09-29,0.196953889840225,0.196953889840225,0.18384179918873983,0.196953889840225,0.196953889840225,0.196953889840225,0.196953889840225,0.196953889840225,0.196953889840225,0.196953889840225,0.18061144792473724,0.12582278687704004,0.21256187386804637,0.21600363869126826,0.20287534649493041,0.15188810021483184,0.15852321612568898
2020-10-30,-0.060698825938222074,-0.060698825938222074,-0.06458422326699705,-0.060698825938222074,-0.060698825938222074,-0.060698825938222074,-0.060698825938222074,-0.060698825938222074,-0.060698825938222074,-0.060698825938222074,-0.07143494793141607,-0.07611547837381372,-0.05838506102319171,0.021757903165979812,-0.04496504235768012,-0.05776745952849644,-0.06887233059815157
2020-11-30,0.22813774136186385,0.22813774136186385,0.2159061504671003,0.22813774136186385,0.22813774136186385,0.22813774136186385,0.22813774136186385,0.22813774136186385,0.22813774136186385,0.22813774136186385,0.2217534064190643,0.218607732082902,0.21156095334946728,0.26543784885025357,0.20718769477360907,0.19510209960111247,0.18566669484555992
2020-12-30,0.19078278939842302,0.19078278939842302,0.17191334713175824,0.19078278939842302,0.19078278939842302,0.19078278939842302,0.19078278939842302,0.19078278939842302,0.19078278939842302,0.19078278939842302,0.17980480979672367,0.13688272744148552,0.20181598720314012,0.22225991949720084,0.17810844677230814,0.13597684675916133,0.13450323626834373
2021-01-29,0.19710508749306999,0.19710508749306999,0.17502883592878657,0.19710508749306999,0.19710508749306999,0.19710508749306999,0.19710508749306999,0.19710508749306999,0.19710508749306999,0.19710508749306999,0.16683079398450212,0.1297025167892863,0.19452584046674687,0.19210429320173855,0.17317498876266701,0.1427360498723938,0.15199309073063502
2021-02-26,0.1627395670394805,0.1627395670394805,0.15590592366039177,0.1627395670394805,0.1627395670394805,0.1627395670394805,0.1627395670394805,0.1627395670394805,0.1627395670394805,0.1627395670394805,0.1507352937208855,0.12163195454809302,0.1758232968792821,0.16615321701797,0.14511490531533494,0.1344396687924838,0.14889704301550266
2021-03-31,0.09060175764872948,0.09060175764872948,0.07122679896449176,0.09060175764872948,0.09060175764872948,0.09060175764872948,0.09060175764872948,0.09060175764872948,0.09060175764872948,0.09060175764872948,0.07109129006652486,0.045895800607272115,0.09434448928848378,0.12706776676793358,0.058604111202232655,0.05016279573183464,0.05208354863542961
2021-04-30,0.05114500420861708,0.012652357498005414,0.03158506019213394,0.02619745264932426,-0.027574698381881323,0.051256514482355825,0.07309283650566906,0.027073928504861008,-0.03555789664249764,-0.022416857564279923,0.04831317305285276,-0.007180961787445684,0.06885454835656621,0.07948758477652154,0.0463053269562563,-0.013350332761221054,0.0004113064283352159
2021-05-31,0.026503202338615795,0.02690473877319364,0.0330787907326186,0.02884749095357272,0.02306295116510531,0.02854459846088565,0.03532405781253146,0.016217146966450147,0.020927944594152273,0.03576848759119133,0.03818510598658533,0.03216848118160241,0.0371525307104391,0.04353137396469842,0.025720556593340937,0.02559283821731917,0.04106991812720213
2021-06-30,0.14602999844036152,0.14018901884417492,0.13739470015916502,0.15652554020383858,0.15563252561144614,0.1409454876482152,0.14473159813018419,0.13283925791427198,0.11695477992919372,0.11202755911831228,0.15413002144015836,0.15682310346133227,0.13945204709006895,0.11852969749844171,0.13370532033741908,0.11500733228967336,0.1092814822720337
2021-07-30,0.07694334572947858,0.08640724143227002,0.05342044042398079,0.1030169179599662,0.09582148410881827,0.09434671310447805,0.09459620016403979,0.08333611128867718,0.04888717495094666,0.04943946521257389,0.06672411902487387,0.06453925831089392,0.05836257800865653,0.07815668430620586,0.05045496148541177,0.015084806423840674,0.017633374803130965
2021-08-31,0.10366787762858652,0.1010602283959732,0.10036597711465105,0.11054252304954919,0.07481180804122192,0.1250771776221148,0.09431177148825282,0.08301196540848273,0.08948972877394049,0.07937235619139357,0.11322929280865658,0.07773516273129429,0.12384488208226606,0.11964962089328329,0.0810608994780349,0.08976457626434003,0.0803452661110972
2021-09-30,0.08551088276419316,0.07788606479115423,0.0726622603421082,0.085924846882477,0.0859579718163622,0.07973229411965686,0.11097144396710779,0.07376960760034608,0.058111420601861495,0.057951926391453204,0.0774617961229518,0.07776675812720515,0.0739374612192198,0.11488358050336114,0.06482608765114546,0.05087906951228872,0.05164941426962197
2021-10-29,0.20174275035506195,0.21630267022930766,0.19294790958964336,0.22236961674206035,0.26102075938744324,0.19552531354042585,0.16093752429725386,0.21548974105012003,0.19444683326888215,0.19077463940622383,0.18947881283066112,0.24017361860031955,0.170219686299841,0.12941409419365982,0.1945553503023366,0.16938397165478536,0.16341603846294808
2021-11-30,0.010390745675108302,0.006465265982601288,0.0075943898626284825,-0.015146031836241327,-0.026426888220409957,0.006692698127534095,0.039981452165089276,0.0026371985050861156,0.016995944803242433,0.036547847651740316,-0.010757781692398697,-0.025439191383467178,0.007803830548473057,0.056497693990973596,0.002356968762408998,0.019724186980631355,0.039449322677328
2021-12-30,0.25968286033119314,0.22451155060745012,0.23557811506057566,0.23679727710066248,0.1868664132415987,0.2580248911033752,0.28559828208323473,0.2020146383860158,0.18392251914675065,0.199866555855802,0.24681271550219488,0.19842184264652452,0.26712940870847013,0.311134495098224,0.21339946760082612,0.1891368900744706,0.2038824583399509
2022-01-28,0.18881666345105863,0.14951901558711542,0.16065592213270188,0.15910023115624472,0.1077406964624314,0.19055716101309741,0.1774941949118106,0.13111627932065142,0.11691681603199108,0.1284395300762429,0.17143504005275045,0.11869350985443741,0.20197626782179415,0.2123232491948684,0.14005452903856,0.1246098461710441,0.1364890412054946
2022-02-28,-0.07255851644025663,-0.06900508067024747,-0.0671611074681754,-0.07250964918317122,-0.06524437927886702,-0.07586264246375377,0.0024111069733353304,-0.05241060385490231,-0.055291163808895434,-0.04776424778034812,-0.06988009981421839,-0.062236251859278224,-0.07530141940132302,-0.006244826904894789,-0.05465765813344801,-0.05008970453089505,-0.04552421638843597
2022-03-31,0.26902056698800203,0.24491024509474738,0.26776639922790313,0.25384959301931165,0.1901775565275367,0.27947446576672824,0.25590008521749097,0.21426678394472062,0.21165984621322897,0.23495196680702532,0.2803335424252601,0.21856714129021437,0.3026689905653389,0.2969724890592573,0.23847264521708292,0.23589955088320955,0.25823386019057676
2022-04-29,0.07035990689551525,0.05261352200508293,0.07030130830204247,0.058581109060011446,0.054768801550904904,0.05825131652030877,0.033851682262752335,0.046799727649122026,0.03621792165274077,0.035732217578712894,0.07847422950882851,0.07555054175669645,0.0762002778041344,0.05457556325742624,0.06173694704126349,0.05736638421448581,0.05500148086432444
2022-05-31,0.14856225248873942,0.12051425948729051,0.1364280783443439,0.1338699500171169,0.1013702952601474,0.1584986635349318,0.11609968890602045,0.12129684155957964,0.07427177704277621,0.06834093073885956,0.14578237911877093,0.12445344671504377,0.16808140600898983,0.13999477733973018,0.13836036296004,0.09257456499272022,0.0880522283061483
2022-06-30,-0.019314957503498868,-0.014841721912242428,-0.02037426049576811,-0.015094679569131955,0.005021721570204031,-0.02299836305638775,0.03750239285142143,-0.009389344282785728,-0.007242064730681882,-0.009212494202247436,-0.018858145822705622,-0.001953635807309284,-0.031393823405484265,0.014839545041175952,-0.01394770958077349,-0.0113956565339066,-0.014666130229070167
2022-07-29,-0.002703414492621712,-0.009647890585664055,-0.0006603357442749894,-0.01432429183409884,-0.03667724146226577,0.012789715402599868,0.05529745730669211,-0.0007873805154110889,-0.02007945589574988,-0.019523072976420575,0.000625478426174172,-0.02593150118577048,0.021001956661919046,0.08639194470439765,0.006441735621504333,-0.010524730811581019,-0.013376876043248472
2022-08-31,0.2770997834557125,0.28164419858273415,0.2609512935800551,0.2940209401844634,0.2855114879314283,0.30299199651704145,0.23204368321862884,0.2709118005274578,0.22971124981531135,0.24756762590079645,0.2664994721012238,0.2659401503210565,0.2766800584184081,0.24504179877238488,0.2529445237503776,0.20874018681681747,0.22428425240496896
2022-09-30,0.11556062737672354,0.11075416849720902,0.12488060262144479,0.11871460561965547,0.12488275781550234,0.09502229480613698,0.19015995697875046,0.09640795902913722,0.11985186587179673,0.11884295569480471,0.12923304510598474,0.13748989123412067,0.11149136572020316,0.18355557991765592,0.11236345237279588,0.13445727777707545,0.13355445255772036
2022-10-31,0.10740201985651343,0.0855214201199139,0.10442454834752737,0.06488271292090571,0.05006885141100867,0.09400917924052363,0.16383021555470595,0.10351737596968232,0.09041266736670853,0.08136348996434083,0.09183135961918719,0.07405060701617025,0.11885032394632292,0.17110923060409516,0.11940188143280116,0.10996212724474784,0.10101264121711259
2022-11-30,0.20638513953758036,0.21002346912588393,0.18265115880169758,0.22152296856484724,0.23939080070969765,0.213927311832181,0.19090341648333314,0.22227525446961263,0.15006746872201276,0.1526757151600525,0.18650787862699444,0.21014548475361902,0.1787674466231954,0.1863300215336573,0.1971559278807267,0.118809301279237,0.1210891672142145
2022-12-29,0.010814271267258604,-0.0071830428232125855,0.026923600052767352,-0.018721250621056208,-0.013738431066023838,-0.01751837328300678,0.060766678697650886,0.009002286612496429,0.01373991537216654,0.006567718794908173,0.025112087752291377,0.0077719196910941216,0.01849949846944073,0.05965096013185984,0.039327505005113624,0.04917809011563887,0.04377589231166787
2023-01-31,0.10846716541338894,0.1089572549788681,0.1249077269625244,0.10568580427498467,0.13177647216000357,0.09016936547707652,0.12238493857917919,0.10987966450991453,0.11127832793467049,0.12518536130330904,0.12650061637158352,0.14246771819358456,0.10573255116036563,0.10765356841386595,0.12377761440091023,0.12704943658084203,0.14060541985465408
2023-02-28,0.09215598469544317,0.06571913195762791,0.0963255496403974,0.09758243134093819,0.08496000818938512,0.07501903394368685,0.07288597977216678,0.05765279339041593,0.04231484124441986,0.05119550401552775,0.12851823395203238,0.12446335653758715,0.10531735896778449,0.1218049076449791,0.08346081785028592,0.07407394136884224,0.07950007713514554
2023-03-31,0.15441108816445526,0.1361402074405682,0.13622385138846899,0.15913909790967554,0.13132812150565057,0.16248462297200997,0.10769792929384679,0.12446037081601674,0.09336415463429688,0.09996057107300228,0.15502166520036917,0.13410458550615567,0.16179387860546746,0.13198069599746182,0.1266677693401002,0.09002134645867439,0.09873891057607205
2023-04-28,0.04985330902485099,0.055820753220431577,0.06035953692413322,0.04752019062800465,0.05625887146666911,0.04213541348556153,0.08243882756206024,0.0402583690101606,0.0675996529492076,0.07516631635665924,0.056643905854075256,0.054309221514829364,0.04950535774727312,0.06677386265821432,0.04549676242840424,0.07362021712119705,0.0790748247442306
2023-05-31,0.16821257072915125,0.16428056148204068,0.1655855369671111,0.16376441588601534,0.17261070025520664,0.14919405553151444,0.200389677026149,0.13475736582136574,0.18353900127190453,0.1843879335786427,0.1613881339122863,0.17464780352455367,0.14691528907646476,0.2043677773584687,0.13384056206116016,0.18306508834496033,0.18702144055604558
2023-06-30,0.14971156378795608,0.1366547038232184,0.14593337586232494,0.15035545307947026,0.1571885911158995,0.12754125919011103,0.12570384437918256,0.1352308735797397,0.1393195193190795,0.10626261665440985,0.15882519988226373,0.16690881159985385,0.1355896992455767,0.11389074399606054,0.14409775944334802,0.1485384664660368,0.11983187224712016
2023-07-31,0.0797496942829513,0.07354625333327332,0.0548887966811145,0.09618593813909458,0.06726931809874484,0.11338306042101827,0.06660906332563006,0.06194689099019484,0.029316403740614894,0.0262329939803769,0.07358702875535314,0.05116223276280074,0.08945432665116475,0.05070345586034435,0.04579222287982797,0.013086690360542386,0.011017609208269098
2023-08-31,0.35383385199680245,0.34604291964533296,0.3368654350706157,0.35396203286041905,0.32813009565236895,0.3715114061980897,0.3618680498469636,0.3466962181451603,0.29555959106579305,0.2884275801401864,0.33575785113418477,0.32288133622538967,0.3526298107876358,0.34772421082976834,0.33478536781280804,0.2855006645246447,0.2796670443042836
2023-09-27,0.2682526773974862,0.2606742769181053,0.24728244032206745,0.26920432344532397,0.22719907216876187,0.3000452674036932,0.36681474918236473,0.25871925935847534,0.20702048075638432,0.21950670367007064,0.2476895469862046,0.2112588516539605,0.2806083331429227,0.3786432073588572,0.24447277006076046,0.19210260977594612,0.2059192614647293
2023-10-31,-0.02632778907674779,-0.021753825833119918,-0.022039324589488832,-0.033333699836472684,-0.00930156031616821,-0.04452420150892321,0.005178716054477689,0.027895581919863525,-0.025726780449403366,-0.02715840047211636,-0.028863164780435102,-0.011778007762448205,-0.04091587623363259,-0.027977896295392463,0.025581018767587314,-0.02667980927261058,-0.0298549391035439
2023-11-30,0.10600867510588777,0.11446316748796884,0.09970213988757777,0.111852329443908,0.11550393201832561,0.11730980126467194,0.12559052450686536,0.12724938938951272,0.10244280921898898,0.09191146613934681,0.09134986207659322,0.10102261818991559,0.095139345124295,0.11962531486211483,0.11366071005385332,0.08480173771489906,0.07646110868806834
2023-12-28,0.14472694969461053,0.1170386178152093,0.1378568655125032,0.11487887027764448,0.09897249258151271,0.1388113230291026,0.22898771615457802,0.10861836150800004,0.08294157770945033,0.10681318202663188,0.13669744806617076,0.11396374832367565,0.1598920935983414,0.2391907697369296,0.1289597118795901,0.1052900560890708,0.1278064697825269
2024-01-31,0.032386207976123856,0.0346701251486212,0.026607193597893444,0.036217849353922464,0.037779859138866105,0.031932786767516735,0.05583057064920299,0.03471155268807059,0.052111713237498934,0.025864553743097728,0.029008410882613155,0.040225254707717185,0.026307325522687598,0.027844692575140884,0.028201586859621774,0.040260277086250684,0.011904033483722671
2024-02-29,0.03721751143054182,0.040476441001511126,0.03847048294376392,0.06125924521121324,0.07890434659330613,0.022148118678906193,0.008947605147431302,0.0644138188996216,0.023578169702882346,0.021238921450651156,0.05683086033467357,0.07982208798188081,0.020731992007227282,0.03375140807567191,0.06398371983045988,0.020563168763058613,0.018942793052489536
2024-03-29,0.31624204156824554,0.31314270239013176,0.3100782903445761,0.31272584257362096,0.29159161013920126,0.3183845947222738,0.31785946859469927,0.3075037527076231,0.2996661069536185,0.29718732318486785,0.30577138225337286,0.28585967984521043,0.3119399674080115,0.3187598167894071,0.30387579020649236,0.2933623834598549,0.2920909387657425
2024-04-30,0.10355034451666217,0.09094816567011992,0.11467340955291834,0.10626896607264016,0.09097766013272912,0.09933271872655748,0.07521765561856687,0.07284525776707852,0.0792822644068247,0.09407505801582572,0.13000049398710967,0.11056430046187213,0.1266664177704358,0.10003544564076827,0.10134392599757927,0.10586845846229806,0.11809594817774091
2024-05-31,0.2596864182888631,0.24105448601760307,0.2539651951169016,0.24486144379570923,0.2517387318065456,0.2340494790143742,0.2715464168532398,0.22164297778534028,0.2423247397992339,0.23476906862856367,0.25380912853914583,0.2635662696799493,0.24393986226192124,0.27929837347946695,0.2344138501509192,0.25348913202836987,0.24333844619237985
2024-06-28,0.252518392840983,0.22123034905180833,0.2498010033156717,0.2227840683648638,0.20532454868762332,0.25550866173236486,0.17251531957522714,0.24041651520457366,0.16793990355695443,0.1757225075604306,0.2535966670342708,0.2307136821378481,0.2852998869018298,0.23385845208263067,0.2695291279519963,0.1986727754883505,0.2077756501980028
2024-07-31,0.18930566975051472,0.184340813529991,0.1766527887474416,0.19611555661834648,0.18613641770998485,0.20579776991627247,0.17541649785597235,0.19243389840638134,0.14789298022655692,0.14610601552847574,0.1867908366581657,0.18357775656222616,0.1965101048780671,0.17830732472237623,0.18212517133931364,0.13656749929220036,0.1332631942810382
2024-08-30,0.09700838667608483,0.08631899096347072,0.0979621268717694,0.09380906135415265,0.08739813877474921,0.08626559916568678,0.14081217921149236,0.10203340537427655,0.07758699233226875,0.05490648169733205,0.1064570843049278,0.10046875994653057,0.09922023231284487,0.14508900649907566,0.11146051957924441,0.08933563997029605,0.06636304378175567
2024-09-30,0.11466927013376693,0.10249246692512273,0.12021602283714385,0.12069766875876747,0.11403963603123374,0.11232598383689175,0.11073557849880411,0.10503081639762205,0.07043552116588478,0.06972064096928024,0.14087025016408256,0.13221569534115707,0.13073863694464438,0.1453152838304708,0.11880212518363115,0.0901386406312834,0.08888792060332534
2024-10-31,0.31476443891518363,0.3141530565753925,0.3183478316108627,0.31984501193511905,0.2912322966389745,0.32934772411820273,0.1769478799262354,0.3267903969988264,0.2697796115008255,0.2998005831804753,0.32462090028637414,0.2951955829466784,0.3328304398135409,0.19611682763442356,0.3300684586113044,0.27426424755975254,0.30197382231992737
2024-11-29,0.07729586287529176,0.10455893568109262,0.09586784484150633,0.11793126554453952,0.13279881546441727,0.09308503923377479,0.12596615672513908,0.07216774910137154,0.12032980902375173,0.1290641080535562,0.10899344197931764,0.12717486156551186,0.089476383821628,0.1247915464369704,0.06588904474469594,0.10981171788435198,0.12041253914643418
2024-12-30,-0.0812126665013678,-0.07503908188752602,-0.07316156838168553,-0.07451787986626014,-0.05358744112049354,-0.08756122881086824,-0.012215124016527844,-0.08460296833179726,-0.07076667932437719,-0.061376106437346006,-0.07020863638545094,-0.056502959316580385,-0.08360254089048862,-0.018045388658340145,-0.0844510615125859,-0.06867170546281509,-0.06171565792364193
2025-01-31,0.12317397405596126,0.11654508076493958,0.10360481883096778,0.11951994857760086,0.09668653306313299,0.1285218387265232,0.17923100658397897,0.12555580107345357,0.10870004455152671,0.0959874749912125,0.10232774869775788,0.0809950137657199,0.11139134379123879,0.16969034256005483,0.1116128997154243,0.09732607691741012,0.08225779561074527
2025-02-28,0.41998986345940087,0.4051208192306204,0.4107727245496023,0.41582578351243416,0.39851127502353123,0.4174109883264022,0.40736648197505393,0.39144013353675017,0.3678477294892439,0.36881545433207036,0.4151120725301716,0.4066374028181776,0.42032070308270064,0.41632614527935513,0.3940118760845354,0.3689956637102172,0.37207815267933286
2025-03-31,0.0075289951328872656,-0.0050343861328042494,0.01084248248666589,0.004855001398239295,0.0042915936716699165,-0.007340496505242688,0.018087078581750345,-0.0028058576992302155,-0.013624332289191547,0.0002911617943241459,0.021379948846533756,0.023545408111038585,0.006228171771905996,0.025871905513285925,0.013289791250037675,0.002202501745442536,0.018895707717137722
2025-04-30,0.22566168095503494,0.19863752605775606,0.21547220992778734,0.21159039520056377,0.18594233748096572,0.2128082813172044,0.2082847050013299,0.191154558680973,0.17611313317813027,0.1589733717347343,0.22748490500346194,0.2035430461355477,0.22816244959642337,0.2052152585690034,0.21057519039284253,0.19372841313656813,0.17972502136381324
2025-05-30,0.10185446668669929,0.11931630443365784,0.11287121610730677,0.13326120452119827,0.14447001280510555,0.10341879267720663,0.18214512571577215,0.10266851322335412,0.13015642733044375,0.1199294774237479,0.12400068542840322,0.13573069480580618,0.0969878225232429,0.18564179682170717,0.09733462209047479,0.11946720056978077,0.11440040229113901
2025-06-30,0.19683240504535557,0.17530863549573825,0.19131861307257403,0.181354702983517,0.17522653929193674,0.1735013898154521,0.24960365227890166,0.16538741641389498,0.17268390549161916,0.14577551688117144,0.19388536394403774,0.1936743678550227,0.1877919443423985,0.28213187788527544,0.18253264314318252,0.18797290372049247,0.1615154405858673
2025-07-31,0.0072894245700076705,0.011327929449103222,0.008309208299057525,0.02006779385152912,0.019781882725811568,0.01183690678092111,0.06143818110340537,0.016036916216069508,-0.002366000753811194,0.011226221030096531,0.01434383400715177,0.017140367813236728,0.008455999401285112,0.07432328627532386,0.011244415879036095,-0.007555212114512305,0.0054340854039043275
2025-08-29,0.06379576148296758,0.05963275599836991,0.07056217306956471,0.06521214670020746,0.08919943013966579,0.04768304126502997,0.05234718031928379,0.06190267772419807,0.052543760462453584,0.058901387978005586,0.07762013224891336,0.09499252072343552,0.06039979468356759,0.03387287650825063,0.07277792926543036,0.05968708017642464,0.06789815463358692
2025-09-30,-0.028420136795506725,-0.042528082329599703,-0.040101949110623356,-0.030550012353143446,-0.038882528034441546,-0.036568163159568776,-0.038431612014978855,-0.03906335935885987,-0.046018722860669214,-0.063726515723929,-0.02765161278121037,-0.03201966448045143,-0.03444163852241467,-0.024487266948559447,-0.03551967967478322,-0.04453736209486956,-0.05879519144110051
2025-10-31,0.29833277818991366,0.28288384790805665,0.2786940893398078,0.28130929902759544,0.22976335026576036,0.32619038685013835,0.2620820980097657,0.29611148432439327,0.2272906653981555,0.24137899045772176,0.27267585630357294,0.23301228191295442,0.31132248021496634,0.22615755167705046,0.29021683408226234,0.22213719642082974,0.23415192664983206
2025-11-28,0.11049902980363388,0.10298892061579679,0.10739064030649195,0.09511497574045644,0.08404022306522113,0.10768600547596936,0.10405025704364572,0.10433629165403904,0.09879048707272835,0.10578028894716818,0.09761942171726244,0.08713795980328486,0.10947649416979886,0.07282370492636774,0.11107105372093401,0.10464536247704957,0.11307315887909523
2025-12-30,-0.08739055907319389,-0.06781188299748461,-0.07577434076962355,-0.06888192899607704,-0.017005099474233256,-0.11247767445146795,-0.05250268577703707,-0.06797223756194916,-0.010887868628156694,-0.06017636671498507,-0.08094624603783165,-0.030820332992594193,-0.1224655338723957,-0.046453085708271086,-0.0770360323546187,-0.024593310817817033,-0.07081309920604095
2026-01-30,0.2572333320216251,0.22620289131812105,0.24915681734117612,0.23354769070049433,0.19230346083618655,0.2571582052229519,0.2885577114206006,0.2091839905088324,0.20868129934438875,0.19608735022146404,0.2547828225686022,0.2235790247509662,0.27381851519651973,0.30139702184465444,0.22974436284007613,0.23429863099374557,0.22373624443329435
2026-02-27,0.2001204100758933,0.1927556338835617,0.18492280790494323,0.1944363604812702,0.17242465161952153,0.21895395627656725,0.14348895350270252,0.1927934347034679,0.13685504805575316,0.18397234434490384,0.1847522191953214,0.16655644611335133,0.20452788424402077,0.15364940545576325,0.18462095187053865,0.12767869105814345,0.17364026528619175
2026-03-31,-0.09362611513104449,-0.0898641732286855,-0.08875745394987099,-0.09834100312622321,-0.07946806404162224,-0.12231962345196618,-0.05618823713264306,-0.11051648233537438,-0.03321452169521117,-0.05265134077780112,-0.09504704437496764,-0.07964474293454724,-0.12116047158057838,-0.0338670268232616,-0.11305473392049992,-0.02845024385055093,-0.05024062871593527
2026-04-30,0.22071707749657857,0.21917327766179712,0.21400147602320133,0.2377401431064218,0.22878447648856945,0.22769679693659584,0.19401544666803672,0.2159387261523267,0.202932144010811,0.16104492016817493,0.2244072833476679,0.21718980158194462,0.22131456856759113,0.20978311310955866,0.2103195286075681,0.19458961156988833,0.1567710796575672
2026-05-29,0.4278981796198133,0.42609138487026116,0.4138584050140073,0.43346680463219334,0.43619345803482,0.43005719149810134,0.48077525920548136,0.4346900667924293,0.37018210569146276,0.3606929393551851,0.41027568131920894,0.4269648657460313,0.410974003550958,0.48744755180035654,0.4239092391852589,0.3556989407223338,0.34674518085433237
2026-06-30,0.4987238245435978,0.4818545968208414,0.4491182412251068,0.48013701604078873,0.4042341392045259,0.5479623372403,0.5264677425159324,0.512475608592944,0.38037325906857977,0.40124752179099293,0.4316765491068311,0.3750557440045664,0.5053465983031653,0.5073724685025959,0.48500728407747146,0.3406813358524656,0.36308239172349643
2026-07-31,-0.2543683334670005,-0.26109320101051897,-0.2328519503219217,-0.2580647685354515,-0.24282295430708917,-0.2826182483213627,-0.26887733039703193,-0.26226815637427797,-0.21384741587566325,-0.22285347679201215,-0.22048676550302235,-0.20879652117196718,-0.25049090387182527,-0.22710033696700851,-0.23836461023611452,-0.18323290742670958,-0.1916149654932291
