후보,구간,평균 IC,IC t(NW3),p,연복리%,누적%,최대 손실폭%,최악의 달%,연 매매 건수,홀름 p,DSR(N=17),선택에 씀
BASE,검증 2020-02~2024-12,0.1224,9.61,0.0,16.5,111.4,-36.1,-14.9,110.5,0.0,0.888,예
BASE,표본외 2025-01~2026-09,0.1307,4.81,1.5433568554268362e-06,35.4,65.4,-22.8,-10.3,126.4,1.5433568554268362e-05,0.783,"아니오(표본외, 선택에 쓰지 않음)"
ADD_BUFFETT,검증 2020-02~2024-12,0.1158,9.3,0.0,18.6,130.8,-36.1,-19.5,106.0,0.0,0.905,예
ADD_BUFFETT,표본외 2025-01~2026-09,0.1238,4.59,4.361513691986119e-06,36.5,67.8,-18.0,-8.0,126.4,1.6663934271798908e-05,0.887,"아니오(표본외, 선택에 쓰지 않음)"
ADD_FSCORE,검증 2020-02~2024-12,0.1169,9.42,0.0,17.6,121.4,-36.1,-16.9,102.7,0.0,0.898,예
ADD_FSCORE,표본외 2025-01~2026-09,0.1255,4.88,1.0374318979433639e-06,26.7,48.2,-20.2,-8.3,121.5,1.1411750877377003e-05,0.742,"아니오(표본외, 선택에 쓰지 않음)"
BUFFETT_for_EP,검증 2020-02~2024-12,0.1207,9.39,0.0,17.9,124.5,-36.1,-16.7,107.6,0.0,0.911,예
BUFFETT_for_EP,표본외 2025-01~2026-09,0.1289,4.71,2.44163858575952e-06,31.9,58.4,-20.8,-8.3,128.8,1.6663934271798908e-05,0.868,"아니오(표본외, 선택에 쓰지 않음)"
BUFFETT_for_SP,검증 2020-02~2024-12,0.1134,8.97,0.0,14.8,96.6,-39.4,-15.8,117.0,0.0,0.855,예
BUFFETT_for_SP,표본외 2025-01~2026-09,0.1215,4.78,1.7233968037100311e-06,22.0,39.1,-16.2,-7.6,122.8,1.5433568554268362e-05,0.753,"아니오(표본외, 선택에 쓰지 않음)"
BUFFETT_for_ROE,검증 2020-02~2024-12,0.1223,9.36,0.0,20.4,148.6,-36.1,-19.1,111.3,0.0,0.93,예
BUFFETT_for_ROE,표본외 2025-01~2026-09,0.1281,4.45,8.3902104179856e-06,36.8,68.3,-14.9,-9.3,137.2,1.67804208359712e-05,0.841,"아니오(표본외, 선택에 쓰지 않음)"
BUFFETT_for_OPG,검증 2020-02~2024-12,0.1286,10.36,0.0,19.0,134.9,-36.1,-16.8,109.2,0.0,0.924,예
BUFFETT_for_OPG,표본외 2025-01~2026-09,0.1465,5.22,1.77848482607601e-07,29.3,53.2,-23.6,-11.9,138.4,3.023424204329217e-06,0.734,"아니오(표본외, 선택에 쓰지 않음)"
BUFFETT_for_OPG_Q,검증 2020-02~2024-12,0.1145,9.1,0.0,19.0,135.2,-36.1,-14.1,110.9,0.0,0.927,예
BUFFETT_for_OPG_Q,표본외 2025-01~2026-09,0.1226,4.45,8.667490180469528e-06,18.1,31.9,-21.3,-8.6,120.3,1.67804208359712e-05,0.658,"아니오(표본외, 선택에 쓰지 않음)"
BUFFETT_for_VOL60,검증 2020-02~2024-12,0.1015,8.74,0.0,20.6,151.1,-36.1,-20.7,108.4,0.0,0.905,예
BUFFETT_for_VOL60,표본외 2025-01~2026-09,0.1121,4.79,1.6363098469529547e-06,74.6,152.5,-18.7,-8.3,111.9,1.5433568554268362e-05,0.986,"아니오(표본외, 선택에 쓰지 않음)"
BUFFETT_for_TURN20,검증 2020-02~2024-12,0.1032,8.98,0.0,18.3,127.8,-36.1,-17.5,107.2,0.0,0.904,예
BUFFETT_for_TURN20,표본외 2025-01~2026-09,0.1075,4.72,2.3805620388284154e-06,46.3,88.2,-24.7,-8.7,126.4,1.6663934271798908e-05,0.949,"아니오(표본외, 선택에 쓰지 않음)"
FSCORE_for_EP,검증 2020-02~2024-12,0.1214,9.61,0.0,13.3,84.8,-36.1,-16.2,110.5,0.0,0.83,예
FSCORE_for_EP,표본외 2025-01~2026-09,0.1279,5.03,4.925239087683053e-07,27.0,48.7,-20.1,-8.5,119.1,6.214457783038085e-06,0.751,"아니오(표본외, 선택에 쓰지 않음)"
FSCORE_for_SP,검증 2020-02~2024-12,0.1121,9.03,0.0,11.7,72.2,-38.2,-15.1,106.8,0.0,0.801,예
FSCORE_for_SP,표본외 2025-01~2026-09,0.1239,5.11,3.2211218781164064e-07,31.7,58.1,-16.5,-6.5,128.8,5.15379500498625e-06,0.877,"아니오(표본외, 선택에 쓰지 않음)"
FSCORE_for_ROE,검증 2020-02~2024-12,0.1246,9.43,0.0,15.1,99.5,-36.1,-17.6,110.1,0.0,0.86,예
FSCORE_for_ROE,표본외 2025-01~2026-09,0.1272,4.69,2.7572239280626576e-06,35.4,65.5,-16.8,-9.0,115.5,1.6663934271798908e-05,0.816,"아니오(표본외, 선택에 쓰지 않음)"
FSCORE_for_OPG,검증 2020-02~2024-12,0.1338,10.3,0.0,18.8,132.6,-30.5,-14.8,105.2,0.0,0.919,예
FSCORE_for_OPG,표본외 2025-01~2026-09,0.1501,5.1,3.4269868143255167e-07,31.1,56.9,-24.3,-10.2,132.4,5.15379500498625e-06,0.752,"아니오(표본외, 선택에 쓰지 않음)"
FSCORE_for_OPG_Q,검증 2020-02~2024-12,0.1152,9.12,0.0,10.9,66.5,-40.2,-16.3,99.9,0.0,0.779,예
FSCORE_for_OPG_Q,표본외 2025-01~2026-09,0.124,4.7,2.5693787422120806e-06,22.1,39.4,-22.9,-12.1,115.5,1.6663934271798908e-05,0.601,"아니오(표본외, 선택에 쓰지 않음)"
FSCORE_for_VOL60,검증 2020-02~2024-12,0.0997,8.92,0.0,18.4,129.3,-36.1,-15.5,98.2,0.0,0.897,예
FSCORE_for_VOL60,표본외 2025-01~2026-09,0.1126,5.08,3.6911326795063815e-07,26.5,47.8,-30.1,-15.5,110.7,5.167585751308934e-06,0.607,"아니오(표본외, 선택에 쓰지 않음)"
FSCORE_for_TURN20,검증 2020-02~2024-12,0.1012,8.96,0.0,10.9,66.2,-36.1,-19.0,101.5,0.0,0.75,예
FSCORE_for_TURN20,표본외 2025-01~2026-09,0.109,5.03,4.780352140798527e-07,38.7,72.2,-26.5,-15.9,117.9,6.214457783038085e-06,0.809,"아니오(표본외, 선택에 쓰지 않음)"
