date,equity,n
2025-01-02,1001556.5869929999,10
2025-01-03,998826.5869929999,10
2025-01-06,1007516.5869929999,10
2025-01-07,1012056.5869929999,10
2025-01-08,1015676.5869929999,10
2025-01-09,1021746.5869929999,10
2025-01-10,1027196.5869929999,10
2025-01-13,1014446.5869929999,10
2025-01-14,1031166.5869929999,10
2025-01-15,1048956.5869929998,10
2025-01-16,1047866.5869929999,10
2025-01-17,1062196.5869929998,10
2025-01-20,1051026.5869929998,10
2025-01-21,1061766.5869929998,10
2025-01-22,1057186.5869929998,10
2025-01-23,1037226.5869929999,10
2025-01-24,1049736.5869929998,10
2025-01-31,1055916.5869929998,10
2025-02-03,1025242.7067603997,10
2025-02-04,1030020.7067603997,10
2025-02-05,1039147.7067603997,10
2025-02-06,1052437.7067603997,10
2025-02-07,1051059.7067603997,10
2025-02-10,1047436.7067603997,10
2025-02-11,1041939.7067603997,10
2025-02-12,1032221.7067603997,10
2025-02-13,1046231.7067603997,10
2025-02-14,1050999.7067603997,10
2025-02-17,1060929.7067603997,10
2025-02-18,1060129.7067603997,10
2025-02-19,1066633.7067603997,10
2025-02-20,1074909.7067603997,10
2025-02-21,1101101.7067603997,10
2025-02-24,1116087.7067603997,10
2025-02-25,1114811.7067603997,10
2025-02-26,1122679.7067603997,10
2025-02-27,1117401.7067603997,10
2025-02-28,1086283.7067603997,10
2025-03-04,1080278.2846513998,10
2025-03-05,1102248.2846513998,10
2025-03-06,1105378.2846513998,10
2025-03-07,1093488.2846513998,10
2025-03-10,1101488.2846513998,10
2025-03-11,1092468.2846513998,10
2025-03-12,1088108.2846513998,10
2025-03-13,1085798.2846513998,10
2025-03-14,1099678.2846513998,10
2025-03-17,1111458.2846513998,10
2025-03-18,1105088.2846513998,10
2025-03-19,1111448.2846513998,10
2025-03-20,1108388.2846513998,10
2025-03-21,1109098.2846513998,10
2025-03-24,1112668.2846513998,10
2025-03-25,1106438.2846513998,10
2025-03-26,1104358.2846513998,10
2025-03-27,1089768.2846513998,10
2025-03-28,1085008.2846513998,10
2025-03-31,1067138.2846513998,10
2025-04-01,1091751.7248816998,10
2025-04-02,1085637.7248816998,10
2025-04-03,1075073.7248816998,10
2025-04-04,1073734.7248816998,10
2025-04-07,1014289.7248816997,10
2025-04-08,1017732.7248816997,10
2025-04-09,1001265.7248816997,10
2025-04-10,1047117.7248816997,10
2025-04-11,1051159.7248816998,10
2025-04-14,1053450.7248816998,10
2025-04-15,1075852.7248816998,10
2025-04-16,1063334.7248816998,10
2025-04-17,1072248.7248816998,10
2025-04-18,1071414.7248816998,10
2025-04-21,1076756.7248816998,10
2025-04-22,1076171.7248816998,10
2025-04-23,1087320.7248816998,10
2025-04-24,1087899.7248816998,10
2025-04-25,1094382.7248816998,10
2025-04-28,1092491.7248816998,10
2025-04-29,1101618.7248816998,10
2025-04-30,1097408.7248816998,10
2025-05-02,1092900.4077466996,10
2025-05-07,1095351.4077466996,10
2025-05-08,1113297.4077466996,10
2025-05-09,1119647.4077466996,10
2025-05-12,1131894.4077466996,10
2025-05-13,1146887.4077466996,10
2025-05-14,1147098.4077466996,10
2025-05-15,1139971.4077466996,10
2025-05-16,1140021.4077466996,10
2025-05-19,1126680.4077466996,10
2025-05-20,1135513.4077466996,10
2025-05-21,1142060.4077466996,10
2025-05-22,1133302.4077466996,10
2025-05-23,1130096.4077466996,10
2025-05-26,1151363.4077466996,10
2025-05-27,1148430.4077466996,10
2025-05-28,1148897.4077466996,10
2025-05-29,1205765.4077466996,10
2025-05-30,1200071.4077466996,10
2025-06-02,1191479.0344158995,10
2025-06-04,1209889.0344158995,10
2025-06-05,1224109.0344158995,10
2025-06-09,1241279.0344158995,10
2025-06-10,1245819.0344158995,10
2025-06-11,1255129.0344158995,10
2025-06-12,1256389.0344158995,10
2025-06-13,1229249.0344158995,10
2025-06-16,1274099.0344158995,10
2025-06-17,1253489.0344158995,10
2025-06-18,1250179.0344158995,10
2025-06-19,1250909.0344158995,10
2025-06-20,1266569.0344158995,10
2025-06-23,1257469.0344158995,10
2025-06-24,1293129.0344158995,10
2025-06-25,1300019.0344158995,10
2025-06-26,1288339.0344158995,10
2025-06-27,1279779.0344158995,10
2025-06-30,1290689.0344158995,10
2025-07-01,1306922.9852828996,10
2025-07-02,1304667.9852828996,10
2025-07-03,1323357.9852828996,10
2025-07-04,1306862.9852828996,10
2025-07-07,1292457.9852828996,10
2025-07-08,1310917.9852828996,10
2025-07-09,1336327.9852828996,10
2025-07-10,1349482.9852828996,10
2025-07-11,1348142.9852828996,10
2025-07-14,1356907.9852828996,10
2025-07-15,1362837.9852828996,10
2025-07-16,1354622.9852828996,10
2025-07-17,1348212.9852828996,10
2025-07-18,1343502.9852828996,10
2025-07-21,1344597.9852828996,10
2025-07-22,1330752.9852828996,10
2025-07-23,1342082.9852828996,10
2025-07-24,1343122.9852828996,10
2025-07-25,1333197.9852828996,10
2025-07-28,1330202.9852828996,10
2025-07-29,1337952.9852828996,10
2025-07-30,1350977.9852828996,10
2025-07-31,1342457.9852828996,10
2025-08-01,1307195.1068098994,10
2025-08-04,1320070.1068098994,10
2025-08-05,1329765.1068098994,10
2025-08-06,1341925.1068098994,10
2025-08-07,1332680.1068098994,10
2025-08-08,1334100.1068098994,10
2025-08-11,1327785.1068098994,10
2025-08-12,1326195.1068098994,10
2025-08-13,1330800.1068098994,10
2025-08-14,1317130.1068098994,10
2025-08-18,1316715.1068098994,10
2025-08-19,1317445.1068098994,10
2025-08-20,1312365.1068098994,10
2025-08-21,1311145.1068098994,10
2025-08-22,1308245.1068098994,10
2025-08-25,1312175.1068098994,10
2025-08-26,1309820.1068098994,10
2025-08-27,1312395.1068098994,10
2025-08-28,1315940.1068098994,10
2025-08-29,1309825.1068098994,10
2025-09-01,1283757.0419398993,10
2025-09-02,1280517.0419398993,10
2025-09-03,1297877.0419398993,10
2025-09-04,1303247.0419398993,10
2025-09-05,1321757.0419398993,10
2025-09-08,1321307.0419398993,10
2025-09-09,1332617.0419398993,10
2025-09-10,1335047.0419398993,10
2025-09-11,1343447.0419398993,10
2025-09-12,1345897.0419398993,10
2025-09-15,1339727.0419398993,10
2025-09-16,1333687.0419398993,10
2025-09-17,1329777.0419398993,10
2025-09-18,1345477.0419398993,10
2025-09-19,1329877.0419398993,10
2025-09-22,1325397.0419398993,10
2025-09-23,1316597.0419398993,10
2025-09-24,1309757.0419398993,10
2025-09-25,1296987.0419398993,10
2025-09-26,1281097.0419398993,10
2025-09-29,1292597.0419398993,10
2025-09-30,1288757.0419398993,10
2025-10-01,1284951.2782538992,10
2025-10-02,1293401.2782538992,10
2025-10-10,1296161.2782538992,10
2025-10-13,1287701.2782538992,10
2025-10-14,1282231.2782538992,10
2025-10-15,1312351.2782538992,10
2025-10-16,1325091.2782538992,10
2025-10-17,1313321.2782538992,10
2025-10-20,1331851.2782538992,10
2025-10-21,1322231.2782538992,10
2025-10-22,1334761.2782538992,10
2025-10-23,1328571.2782538992,10
2025-10-24,1338821.2782538992,10
2025-10-27,1353771.2782538992,10
2025-10-28,1356251.2782538992,10
2025-10-29,1368881.2782538992,10
2025-10-30,1362511.2782538992,10
2025-10-31,1358481.2782538992,10
2025-11-03,1358420.785881899,10
2025-11-04,1352700.785881899,10
2025-11-05,1339040.785881899,10
2025-11-06,1360930.785881899,10
2025-11-07,1349530.785881899,10
2025-11-10,1397340.785881899,10
2025-11-11,1393150.785881899,10
2025-11-12,1416410.785881899,10
2025-11-13,1405520.785881899,10
2025-11-14,1380630.785881899,10
2025-11-17,1376990.785881899,10
2025-11-18,1334720.785881899,10
2025-11-19,1343220.785881899,10
2025-11-20,1371890.785881899,10
2025-11-21,1359480.785881899,10
2025-11-24,1355770.785881899,10
2025-11-25,1349900.785881899,10
2025-11-26,1376780.785881899,10
2025-11-27,1383090.785881899,10
2025-11-28,1389100.785881899,10
2025-12-01,1387189.9239458991,10
2025-12-02,1402659.9239458991,10
2025-12-03,1427099.9239458991,10
2025-12-04,1413799.9239458991,10
2025-12-05,1425249.9239458991,10
2025-12-08,1423589.9239458991,10
2025-12-09,1420179.9239458991,10
2025-12-10,1419069.9239458991,10
2025-12-11,1435099.9239458991,10
2025-12-12,1465969.9239458991,10
2025-12-15,1461599.9239458991,10
2025-12-16,1449439.9239458991,10
2025-12-17,1454729.9239458991,10
2025-12-18,1442799.9239458991,10
2025-12-19,1442679.9239458991,10
2025-12-22,1464419.9239458991,10
2025-12-23,1456309.9239458991,10
2025-12-24,1453539.9239458991,10
2025-12-26,1451519.9239458991,10
2025-12-29,1424419.9239458991,10
2025-12-30,1418429.9239458991,10
2026-01-02,1411996.594729899,10
2026-01-05,1426341.594729899,10
2026-01-06,1431186.594729899,10
2026-01-07,1424896.594729899,10
2026-01-08,1403456.594729899,10
2026-01-09,1402571.594729899,10
2026-01-12,1406666.594729899,10
2026-01-13,1424911.594729899,10
2026-01-14,1429316.594729899,10
2026-01-15,1427361.594729899,10
2026-01-16,1429961.594729899,10
2026-01-19,1434296.594729899,10
2026-01-20,1457541.594729899,10
2026-01-21,1442701.594729899,10
2026-01-22,1453616.594729899,10
2026-01-23,1476336.594729899,10
2026-01-26,1499621.594729899,10
2026-01-27,1518811.594729899,10
2026-01-28,1527711.594729899,10
2026-01-29,1571326.594729899,10
2026-01-30,1582401.594729899,10
2026-02-02,1538489.557311899,10
2026-02-03,1576934.557311899,10
2026-02-04,1617744.557311899,10
2026-02-05,1611374.557311899,10
2026-02-06,1591389.557311899,10
2026-02-09,1605689.557311899,10
2026-02-10,1635744.557311899,10
2026-02-11,1657299.557311899,10
2026-02-12,1685514.557311899,10
2026-02-13,1692484.557311899,10
2026-02-19,1717084.557311899,10
2026-02-20,1744054.557311899,10
2026-02-23,1750439.557311899,10
2026-02-24,1765459.557311899,10
2026-02-25,1765564.557311899,10
2026-02-26,1735659.557311899,10
2026-02-27,1707709.557311899,10
2026-03-03,1657964.3550584991,10
2026-03-04,1537600.3550584991,10
2026-03-05,1606026.3994184993,9
2026-03-06,1606903.3994184993,9
2026-03-09,1565667.3994184993,9
2026-03-10,1592233.3994184993,9
2026-03-11,1622500.3994184993,9
2026-03-12,1625896.3994184993,9
2026-03-13,1608852.3994184993,9
2026-03-16,1604028.3994184993,9
2026-03-17,1601455.3994184993,9
2026-03-18,1605635.3994184993,9
2026-03-19,1583422.3994184993,9
2026-03-20,1611221.3994184993,9
2026-03-23,1564745.3994184993,9
2026-03-24,1593964.3994184993,9
2026-03-25,1604980.3994184993,9
2026-03-26,1595795.3994184993,9
2026-03-27,1595184.3994184993,9
2026-03-30,1569936.3994184993,9
2026-03-31,1553005.3994184993,9
2026-04-01,1595262.8571849992,10
2026-04-02,1546343.8571849992,10
2026-04-03,1563662.8571849992,10
2026-04-06,1567204.8571849992,10
2026-04-07,1557642.8571849992,10
2026-04-08,1592029.8571849992,10
2026-04-09,1599714.8571849992,10
2026-04-10,1632760.8571849992,10
2026-04-13,1645604.8571849992,10
2026-04-14,1666509.8571849992,10
2026-04-15,1720561.8571849992,10
2026-04-16,1753624.8571849992,10
2026-04-17,1744990.8571849992,10
2026-04-20,1734017.8571849992,10
2026-04-21,1728218.8571849992,10
2026-04-22,1722453.8571849992,10
2026-04-23,1726959.8571849992,10
2026-04-24,1748345.8571849992,10
2026-04-27,1757249.8571849992,10
2026-04-28,1750106.8571849992,10
2026-04-29,1759321.8571849992,10
2026-04-30,1762683.8571849992,10
2026-05-04,1762656.848470599,10
2026-05-06,1741436.848470599,10
2026-05-07,1749821.848470599,10
2026-05-08,1758216.848470599,10
2026-05-11,1716056.848470599,10
2026-05-12,1683596.848470599,10
2026-05-13,1668615.848470599,10
2026-05-14,1692691.848470599,10
2026-05-15,1727181.848470599,10
2026-05-18,1695046.848470599,10
2026-05-19,1666874.848470599,10
2026-05-20,1627852.848470599,10
2026-05-21,1644318.848470599,10
2026-05-22,1692741.848470599,10
2026-05-26,1670583.848470599,10
2026-05-27,1632025.848470599,10
2026-05-28,1622616.848470599,10
2026-05-29,1607935.062550599,9
2026-06-01,1564719.9852359989,10
2026-06-02,1567099.9852359989,10
2026-06-04,1568014.9852359989,10
2026-06-05,1551199.9852359989,10
2026-06-08,1473693.9852359989,10
2026-06-09,1514993.9852359989,10
2026-06-10,1504279.9852359989,10
2026-06-11,1521984.9852359989,10
2026-06-12,1565139.9852359989,10
2026-06-15,1567904.9852359989,10
2026-06-16,1568794.9852359989,10
2026-06-17,1568472.7528359988,9
2026-06-18,1517117.7528359988,9
2026-06-19,1504762.7528359988,9
2026-06-22,1480479.7528359988,9
2026-06-23,1433738.7528359988,9
2026-06-24,1434768.9613702986,6
2026-06-25,1433173.9613702986,6
2026-06-26,1417758.9613702986,6
2026-06-29,1472185.070690299,5
2026-06-30,1473635.070690299,5
2026-07-01,1511773.0602136988,10
2026-07-02,1500963.0602136988,10
2026-07-03,1522175.0602136988,10
2026-07-06,1530409.0602136988,10
2026-07-07,1535737.0602136988,10
2026-07-08,1499993.0602136988,10
2026-07-09,1486383.0602136988,10
2026-07-10,1559905.0602136988,10
2026-07-13,1526043.0602136988,10
2026-07-14,1515513.0602136988,10
2026-07-15,1560043.0602136988,10
2026-07-16,1567503.0602136988,10
2026-07-20,1544483.0602136988,10
2026-07-21,1572013.0602136988,10
2026-07-22,1585535.0602136988,10
2026-07-23,1732783.0602136988,10
2026-07-24,1698683.0602136988,10
2026-07-27,1652583.0602136988,10
2026-07-28,1539539.0602136988,10
2026-07-29,1468403.0602136988,10
2026-07-30,1496334.8662296988,8
2026-07-31,1579062.8662296988,8
2026-08-03,1565431.5865817985,10
2026-08-04,1605899.5865817985,10
2026-08-05,1627584.5865817985,10
2026-08-06,1641767.5865817985,10
2026-08-07,1642185.5865817985,10
2026-08-10,1684362.5865817985,10
2026-08-11,1697128.5865817985,10
2026-08-12,1699813.5865817985,10
2026-08-13,1677522.5865817985,10
2026-08-14,1698550.5865817985,10
2026-08-18,1644788.5865817985,10
2026-08-19,1602768.5865817985,10
2026-08-20,1627159.5865817985,10
2026-08-21,1610214.5865817985,10
2026-08-24,1622578.5865817985,10
2026-08-25,1644434.5865817985,10
2026-08-26,1648637.5865817985,10
2026-08-27,1629333.5865817985,10
2026-08-28,1656479.5865817985,10
2026-08-31,1655096.5865817985,10
2026-09-01,1644705.1465937984,10
