date,equity,n,cash
2025-01-02,1000000.0,0,1000000.0
2025-01-03,1000000.0,0,1000000.0
2025-01-06,1000000.0,0,1000000.0
2025-01-07,1000000.0,0,1000000.0
2025-01-08,1000000.0,0,1000000.0
2025-01-09,1000000.0,0,1000000.0
2025-01-10,1000000.0,0,1000000.0
2025-01-13,1000000.0,0,1000000.0
2025-01-14,1000000.0,0,1000000.0
2025-01-15,1000000.0,0,1000000.0
2025-01-16,1000000.0,0,1000000.0
2025-01-17,1000000.0,0,1000000.0
2025-01-20,1000000.0,0,1000000.0
2025-01-21,1000000.0,0,1000000.0
2025-01-22,1000000.0,0,1000000.0
2025-01-23,1000000.0,0,1000000.0
2025-01-24,1000000.0,0,1000000.0
2025-01-31,1000000.0,0,1000000.0
2025-02-03,1000000.0,0,1000000.0
2025-02-04,1000000.0,0,1000000.0
2025-02-05,1000000.0,0,1000000.0
2025-02-06,1000000.0,0,1000000.0
2025-02-07,1000000.0,0,1000000.0
2025-02-10,1000000.0,0,1000000.0
2025-02-11,1000000.0,0,1000000.0
2025-02-12,1000000.0,0,1000000.0
2025-02-13,1000000.0,0,1000000.0
2025-02-14,1000000.0,0,1000000.0
2025-02-17,1000000.0,0,1000000.0
2025-02-18,1000000.0,0,1000000.0
2025-02-19,1000000.0,0,1000000.0
2025-02-20,1000000.0,0,1000000.0
2025-02-21,1000000.0,0,1000000.0
2025-02-24,1000000.0,0,1000000.0
2025-02-25,1000000.0,0,1000000.0
2025-02-26,1000000.0,0,1000000.0
2025-02-27,1000000.0,0,1000000.0
2025-02-28,1000000.0,0,1000000.0
2025-03-04,1000000.0,0,1000000.0
2025-03-05,1000000.0,0,1000000.0
2025-03-06,1000000.0,0,1000000.0
2025-03-07,1000000.0,0,1000000.0
2025-03-10,1000000.0,0,1000000.0
2025-03-11,1000000.0,0,1000000.0
2025-03-12,1000000.0,0,1000000.0
2025-03-13,1000000.0,0,1000000.0
2025-03-14,1000000.0,0,1000000.0
2025-03-17,1000000.0,0,1000000.0
2025-03-18,1000000.0,0,1000000.0
2025-03-19,1000000.0,0,1000000.0
2025-03-20,1000000.0,0,1000000.0
2025-03-21,1000000.0,0,1000000.0
2025-03-24,1000000.0,0,1000000.0
2025-03-25,1000000.0,0,1000000.0
2025-03-26,1000000.0,0,1000000.0
2025-03-27,1000000.0,0,1000000.0
2025-03-28,1000000.0,0,1000000.0
2025-03-31,1000000.0,0,1000000.0
2025-04-01,1000000.0,0,1000000.0
2025-04-02,1000000.0,0,1000000.0
2025-04-03,1000000.0,0,1000000.0
2025-04-04,1000000.0,0,1000000.0
2025-04-07,1000000.0,0,1000000.0
2025-04-08,1000000.0,0,1000000.0
2025-04-09,1000000.0,0,1000000.0
2025-04-10,1000000.0,0,1000000.0
2025-04-11,1000000.0,0,1000000.0
2025-04-14,1000000.0,0,1000000.0
2025-04-15,1000000.0,0,1000000.0
2025-04-16,1000000.0,0,1000000.0
2025-04-17,1000000.0,0,1000000.0
2025-04-18,1000000.0,0,1000000.0
2025-04-21,1000000.0,0,1000000.0
2025-04-22,1000000.0,0,1000000.0
2025-04-23,1000000.0,0,1000000.0
2025-04-24,1000000.0,0,1000000.0
2025-04-25,1000000.0,0,1000000.0
2025-04-28,1000000.0,0,1000000.0
2025-04-29,1000000.0,0,1000000.0
2025-04-30,1000000.0,0,1000000.0
2025-05-02,996467.0543638001,10,99614.05436380005
2025-05-07,997363.0543638001,10,99614.05436380005
2025-05-08,1015014.0543638001,10,99614.05436380005
2025-05-09,1019879.0543638001,10,99614.05436380005
2025-05-12,1030951.0543638001,10,99614.05436380005
2025-05-13,1043729.0543638001,10,99614.05436380005
2025-05-14,1043625.0543638001,10,99614.05436380005
2025-05-15,1037378.0543638001,10,99614.05436380005
2025-05-16,1038148.0543638001,10,99614.05436380005
2025-05-19,1026302.0543638001,10,99614.05436380005
2025-05-20,1033610.0543638001,10,99614.05436380005
2025-05-21,1038452.0543638001,10,99614.05436380005
2025-05-22,1030374.0543638001,10,99614.05436380005
2025-05-23,1027073.0543638001,10,99614.05436380005
2025-05-26,1044815.0543638001,10,99614.05436380005
2025-05-27,1040487.0543638001,10,99614.05436380005
2025-05-28,1039779.0543638001,10,99614.05436380005
2025-05-29,1084797.0543638,10,99614.05436380005
2025-05-30,1083023.0543638,10,99614.05436380005
2025-06-02,1074538.0776007997,10,159165.07760079982
2025-06-04,1091081.0776007997,10,159165.07760079982
2025-06-05,1105059.0776007997,10,159165.07760079982
2025-06-09,1119905.0776007997,10,159165.07760079982
2025-06-10,1123673.0776007997,10,159165.07760079982
2025-06-11,1130217.0776007997,10,159165.07760079982
2025-06-12,1130196.0776007997,10,159165.07760079982
2025-06-13,1106840.0776007997,10,159165.07760079982
2025-06-16,1148740.0776007997,10,159165.07760079982
2025-06-17,1135083.0776007997,10,159165.07760079982
2025-06-18,1132817.0776007997,10,159165.07760079982
2025-06-19,1132441.0776007997,10,159165.07760079982
2025-06-20,1145298.0776007997,10,159165.07760079982
2025-06-23,1137864.0776007997,10,159165.07760079982
2025-06-24,1164649.0776007997,10,159165.07760079982
2025-06-25,1168446.0776007997,10,159165.07760079982
2025-06-26,1158008.0776007997,10,159165.07760079982
2025-06-27,1149603.0776007997,10,159165.07760079982
2025-06-30,1162046.0776007997,10,159165.07760079982
2025-07-01,1176205.4627891998,10,125435.46278919982
2025-07-02,1175305.4627891998,10,125435.46278919982
2025-07-03,1193560.4627891998,10,125435.46278919982
2025-07-04,1184005.4627891998,10,125435.46278919982
2025-07-07,1169850.4627891998,10,125435.46278919982
2025-07-08,1184570.4627891998,10,125435.46278919982
2025-07-09,1205100.4627891998,10,125435.46278919982
2025-07-10,1216055.4627891998,10,125435.46278919982
2025-07-11,1215165.4627891998,10,125435.46278919982
2025-07-14,1221960.4627891998,10,125435.46278919982
2025-07-15,1225040.4627891998,10,125435.46278919982
2025-07-16,1216715.4627891998,10,125435.46278919982
2025-07-17,1212280.4627891998,10,125435.46278919982
2025-07-18,1209440.4627891998,10,125435.46278919982
2025-07-21,1210665.4627891998,10,125435.46278919982
2025-07-22,1198820.4627891998,10,125435.46278919982
2025-07-23,1207925.4627891998,10,125435.46278919982
2025-07-24,1207320.4627891998,10,125435.46278919982
2025-07-25,1199665.4627891998,10,125435.46278919982
2025-07-28,1195735.4627891998,10,125435.46278919982
2025-07-29,1199095.4627891998,10,125435.46278919982
2025-07-30,1208365.4627891998,10,125435.46278919982
2025-07-31,1200935.4627891998,10,125435.46278919982
2025-08-01,1169078.2536676996,10,77735.25366769976
2025-08-04,1181071.2536676996,10,77735.25366769976
2025-08-05,1189883.2536676996,10,77735.25366769976
2025-08-06,1201411.2536676996,10,77735.25366769976
2025-08-07,1193069.2536676996,10,77735.25366769976
2025-08-08,1193985.2536676996,10,77735.25366769976
2025-08-11,1188161.2536676996,10,77735.25366769976
2025-08-12,1186616.2536676996,10,77735.25366769976
2025-08-13,1190483.2536676996,10,77735.25366769976
2025-08-14,1178190.2536676996,10,77735.25366769976
2025-08-18,1177342.2536676996,10,77735.25366769976
2025-08-19,1178466.2536676996,10,77735.25366769976
2025-08-20,1173783.2536676996,10,77735.25366769976
2025-08-21,1172830.2536676996,10,77735.25366769976
2025-08-22,1170232.2536676996,10,77735.25366769976
2025-08-25,1174047.2536676996,10,77735.25366769976
2025-08-26,1171903.2536676996,10,77735.25366769976
2025-08-27,1174518.2536676996,10,77735.25366769976
2025-08-28,1177723.2536676996,10,77735.25366769976
2025-08-29,1172229.2536676996,10,77735.25366769976
2025-09-01,1148391.2530893,10,56531.25308929979
2025-09-02,1144881.2530893,10,56531.25308929979
2025-09-03,1160281.2530893,10,56531.25308929979
2025-09-04,1165261.2530893,10,56531.25308929979
2025-09-05,1181271.2530893,10,56531.25308929979
2025-09-08,1181291.2530893,10,56531.25308929979
2025-09-09,1191771.2530893,10,56531.25308929979
2025-09-10,1194101.2530893,10,56531.25308929979
2025-09-11,1201621.2530893,10,56531.25308929979
2025-09-12,1204051.2530893,10,56531.25308929979
2025-09-15,1199051.2530893,10,56531.25308929979
2025-09-16,1193221.2530893,10,56531.25308929979
2025-09-17,1189671.2530893,10,56531.25308929979
2025-09-18,1204081.2530893,10,56531.25308929979
2025-09-19,1189491.2530893,10,56531.25308929979
2025-09-22,1185461.2530893,10,56531.25308929979
2025-09-23,1177401.2530893,10,56531.25308929979
2025-09-24,1170811.2530893,10,56531.25308929979
2025-09-25,1159001.2530893,10,56531.25308929979
2025-09-26,1144571.2530893,10,56531.25308929979
2025-09-29,1155441.2530893,10,56531.25308929979
2025-09-30,1152091.2530893,10,56531.25308929979
2025-10-01,1148710.5046542997,10,111580.50465429964
2025-10-02,1156100.5046542997,10,111580.50465429964
2025-10-10,1158830.5046542997,10,111580.50465429964
2025-10-13,1150680.5046542997,10,111580.50465429964
2025-10-14,1145990.5046542997,10,111580.50465429964
2025-10-15,1172880.5046542997,10,111580.50465429964
2025-10-16,1185160.5046542997,10,111580.50465429964
2025-10-17,1173630.5046542997,10,111580.50465429964
2025-10-20,1190690.5046542997,10,111580.50465429964
2025-10-21,1180640.5046542997,10,111580.50465429964
2025-10-22,1191880.5046542997,10,111580.50465429964
2025-10-23,1185980.5046542997,10,111580.50465429964
2025-10-24,1195820.5046542997,10,111580.50465429964
2025-10-27,1210550.5046542997,10,111580.50465429964
2025-10-28,1213100.5046542997,10,111580.50465429964
2025-10-29,1225770.5046542997,10,111580.50465429964
2025-10-30,1220400.5046542997,10,111580.50465429964
2025-10-31,1217320.5046542997,10,111580.50465429964
2025-11-03,1218000.5518532996,10,145030.5518532996
2025-11-04,1213050.5518532996,10,145030.5518532996
2025-11-05,1201180.5518532996,10,145030.5518532996
2025-11-06,1219700.5518532996,10,145030.5518532996
2025-11-07,1210210.5518532996,10,145030.5518532996
2025-11-10,1253340.5518532996,10,145030.5518532996
2025-11-11,1248590.5518532996,10,145030.5518532996
2025-11-12,1269890.5518532996,10,145030.5518532996
2025-11-13,1260240.5518532996,10,145030.5518532996
2025-11-14,1238030.5518532996,10,145030.5518532996
2025-11-17,1234240.5518532996,10,145030.5518532996
2025-11-18,1196060.5518532996,10,145030.5518532996
2025-11-19,1204720.5518532996,10,145030.5518532996
2025-11-20,1231130.5518532996,10,145030.5518532996
2025-11-21,1220020.5518532996,10,145030.5518532996
2025-11-24,1216810.5518532996,10,145030.5518532996
2025-11-25,1210760.5518532996,10,145030.5518532996
2025-11-26,1234280.5518532996,10,145030.5518532996
2025-11-27,1239510.5518532996,10,145030.5518532996
2025-11-28,1245410.5518532996,10,145030.5518532996
2025-12-01,1243457.3099582996,10,165517.30995829962
2025-12-02,1257697.3099582996,10,165517.30995829962
2025-12-03,1279127.3099582996,10,165517.30995829962
2025-12-04,1267257.3099582996,10,165517.30995829962
2025-12-05,1276757.3099582996,10,165517.30995829962
2025-12-08,1275777.3099582996,10,165517.30995829962
2025-12-09,1273247.3099582996,10,165517.30995829962
2025-12-10,1272227.3099582996,10,165517.30995829962
2025-12-11,1287047.3099582996,10,165517.30995829962
2025-12-12,1315457.3099582996,10,165517.30995829962
2025-12-15,1311577.3099582996,10,165517.30995829962
2025-12-16,1300997.3099582996,10,165517.30995829962
2025-12-17,1305947.3099582996,10,165517.30995829962
2025-12-18,1295537.3099582996,10,165517.30995829962
2025-12-19,1295067.3099582996,10,165517.30995829962
2025-12-22,1313027.3099582996,10,165517.30995829962
2025-12-23,1305367.3099582996,10,165517.30995829962
2025-12-24,1303737.3099582996,10,165517.30995829962
2025-12-26,1302087.3099582996,10,165517.30995829962
2025-12-29,1278657.3099582996,10,165517.30995829962
2025-12-30,1274307.3099582996,10,165517.30995829962
2026-01-02,1269538.8356112996,10,177878.8356112996
2026-01-05,1282878.8356112996,10,177878.8356112996
2026-01-06,1288208.8356112996,10,177878.8356112996
2026-01-07,1283418.8356112996,10,177878.8356112996
2026-01-08,1263398.8356112996,10,177878.8356112996
2026-01-09,1262878.8356112996,10,177878.8356112996
2026-01-12,1266108.8356112996,10,177878.8356112996
2026-01-13,1281828.8356112996,10,177878.8356112996
2026-01-14,1285308.8356112996,10,177878.8356112996
2026-01-15,1283118.8356112996,10,177878.8356112996
2026-01-16,1285608.8356112996,10,177878.8356112996
2026-01-19,1290248.8356112996,10,177878.8356112996
2026-01-20,1309698.8356112996,10,177878.8356112996
2026-01-21,1296528.8356112996,10,177878.8356112996
2026-01-22,1305838.8356112996,10,177878.8356112996
2026-01-23,1326438.8356112996,10,177878.8356112996
2026-01-26,1349888.8356112996,10,177878.8356112996
2026-01-27,1367218.8356112996,10,177878.8356112996
2026-01-28,1375958.8356112996,10,177878.8356112996
2026-01-29,1414988.8356112996,10,177878.8356112996
2026-01-30,1425578.8356112996,10,177878.8356112996
2026-02-02,1387191.9761402996,10,283741.9761402996
2026-02-03,1419821.9761402996,10,283741.9761402996
2026-02-04,1456326.9761402996,10,283741.9761402996
2026-02-05,1451361.9761402996,10,283741.9761402996
2026-02-06,1434461.9761402996,10,283741.9761402996
2026-02-09,1446491.9761402996,10,283741.9761402996
2026-02-10,1471966.9761402996,10,283741.9761402996
2026-02-11,1492886.9761402996,10,283741.9761402996
2026-02-12,1517571.9761402996,10,283741.9761402996
2026-02-13,1523431.9761402996,10,283741.9761402996
2026-02-19,1545476.9761402996,10,283741.9761402996
2026-02-20,1568411.9761402996,10,283741.9761402996
2026-02-23,1573331.9761402996,10,283741.9761402996
2026-02-24,1587951.9761402996,10,283741.9761402996
2026-02-25,1588401.9761402996,10,283741.9761402996
2026-02-26,1559521.9761402996,10,283741.9761402996
2026-02-27,1537941.9761402996,10,283741.9761402996
2026-03-03,1495552.3552647997,10,156467.35526479964
2026-03-04,1393942.3552647997,10,156467.35526479964
2026-03-05,1451282.3552647997,10,156467.35526479964
2026-03-06,1452232.3552647997,10,156467.35526479964
2026-03-09,1408717.3552647997,10,156467.35526479964
2026-03-10,1437282.3552647997,10,156467.35526479964
2026-03-11,1463917.3552647997,10,156467.35526479964
2026-03-12,1469082.3552647997,10,156467.35526479964
2026-03-13,1454087.3552647997,10,156467.35526479964
2026-03-16,1450762.3552647997,10,156467.35526479964
2026-03-17,1448777.3552647997,10,156467.35526479964
2026-03-18,1451377.3552647997,10,156467.35526479964
2026-03-19,1428847.3552647997,10,156467.35526479964
2026-03-20,1454162.3552647997,10,156467.35526479964
2026-03-23,1408477.3552647997,10,156467.35526479964
2026-03-24,1433282.3552647997,10,156467.35526479964
2026-03-25,1446172.3552647997,10,156467.35526479964
2026-03-26,1435662.3552647997,10,156467.35526479964
2026-03-27,1432922.3552647997,10,156467.35526479964
2026-03-30,1408352.3552647997,10,156467.35526479964
2026-03-31,1389147.3552647997,10,156467.35526479964
2026-04-01,1407739.3461847997,10,155269.34618479968
2026-04-02,1363154.3461847997,10,155269.34618479968
2026-04-03,1382644.3461847997,10,155269.34618479968
2026-04-06,1379909.3461847997,10,155269.34618479968
2026-04-07,1369284.3461847997,10,155269.34618479968
2026-04-08,1406114.3461847997,10,155269.34618479968
2026-04-09,1402119.3461847997,10,155269.34618479968
2026-04-10,1425304.3461847997,10,155269.34618479968
2026-04-13,1420349.3461847997,10,155269.34618479968
2026-04-14,1427254.3461847997,10,155269.34618479968
2026-04-15,1453419.3461847997,10,155269.34618479968
2026-04-16,1462589.3461847997,10,155269.34618479968
2026-04-17,1461609.3461847997,10,155269.34618479968
2026-04-20,1456279.3461847997,10,155269.34618479968
2026-04-21,1455219.3461847997,10,155269.34618479968
2026-04-22,1458549.3461847997,10,155269.34618479968
2026-04-23,1467499.3461847997,10,155269.34618479968
2026-04-24,1481964.3461847997,10,155269.34618479968
2026-04-27,1487104.3461847997,10,155269.34618479968
2026-04-28,1486904.3461847997,10,155269.34618479968
2026-04-29,1507319.3461847997,10,155269.34618479968
2026-04-30,1497944.3461847997,10,155269.34618479968
2026-05-04,1499887.0390087992,10,117307.03900879933
2026-05-06,1482902.0390087992,10,117307.03900879933
2026-05-07,1489582.0390087992,10,117307.03900879933
2026-05-08,1496877.0390087992,10,117307.03900879933
2026-05-11,1464137.0390087992,10,117307.03900879933
2026-05-12,1436657.0390087992,10,117307.03900879933
2026-05-13,1424971.0390087992,10,117307.03900879933
2026-05-14,1444132.0390087992,10,117307.03900879933
2026-05-15,1471227.0390087992,10,117307.03900879933
2026-05-18,1446407.0390087992,10,117307.03900879933
2026-05-19,1422230.0390087992,10,117307.03900879933
2026-05-20,1391378.0390087992,10,117307.03900879933
2026-05-21,1404214.0390087992,10,117307.03900879933
2026-05-22,1445722.0390087992,10,117307.03900879933
2026-05-26,1427669.0390087992,10,117307.03900879933
2026-05-27,1396471.0390087992,10,117307.03900879933
2026-05-28,1388062.0390087992,10,117307.03900879933
2026-05-29,1375943.0390087992,10,117307.03900879933
2026-06-01,1341408.7086216994,10,102173.70862169928
2026-06-02,1345658.7086216994,10,102173.70862169928
2026-06-04,1345913.7086216994,10,102173.70862169928
2026-06-05,1331323.7086216994,10,102173.70862169928
2026-06-08,1268086.7086216994,10,102173.70862169928
2026-06-09,1301786.7086216994,10,102173.70862169928
2026-06-10,1292398.7086216994,10,102173.70862169928
2026-06-11,1306043.7086216994,10,102173.70862169928
2026-06-12,1341893.7086216994,10,102173.70862169928
2026-06-15,1342508.7086216994,10,102173.70862169928
2026-06-16,1343333.7086216994,10,102173.70862169928
2026-06-17,1345443.7086216994,10,102173.70862169928
2026-06-18,1299328.7086216994,10,102173.70862169928
2026-06-19,1282333.7086216994,10,102173.70862169928
2026-06-22,1261972.7086216994,10,102173.70862169928
2026-06-23,1217625.7086216994,10,102173.70862169928
2026-06-24,1219115.7086216994,10,102173.70862169928
2026-06-25,1216768.7086216994,10,102173.70862169928
2026-06-26,1187819.7086216994,10,102173.70862169928
2026-06-29,1268345.7086216994,10,102173.70862169928
2026-06-30,1265185.7086216994,10,102173.70862169928
2026-07-01,1302960.8817906992,10,89440.88179069915
2026-07-02,1293800.8817906992,10,89440.88179069915
2026-07-03,1310397.8817906992,10,89440.88179069915
2026-07-06,1316806.8817906992,10,89440.88179069915
2026-07-07,1321684.8817906992,10,89440.88179069915
2026-07-08,1292725.8817906992,10,89440.88179069915
2026-07-09,1281540.8817906992,10,89440.88179069915
2026-07-10,1343172.8817906992,10,89440.88179069915
2026-07-13,1315185.8817906992,10,89440.88179069915
2026-07-14,1306850.8817906992,10,89440.88179069915
2026-07-15,1345030.8817906992,10,89440.88179069915
2026-07-16,1351595.8817906992,10,89440.88179069915
2026-07-20,1332935.8817906992,10,89440.88179069915
2026-07-21,1356300.8817906992,10,89440.88179069915
2026-07-22,1368057.8817906992,10,89440.88179069915
2026-07-23,1491660.8817906992,10,89440.88179069915
2026-07-24,1461100.8817906992,10,89440.88179069915
2026-07-27,1422990.8817906992,10,89440.88179069915
2026-07-28,1331146.8817906992,10,89440.88179069915
2026-07-29,1271280.8817906992,10,89440.88179069915
2026-07-30,1297598.8817906992,10,89440.88179069915
2026-07-31,1379231.8817906992,10,89440.88179069915
2026-08-03,1370226.8267720991,10,120310.82677209922
2026-08-04,1404482.8267720991,10,120310.82677209922
2026-08-05,1422672.8267720991,10,120310.82677209922
2026-08-06,1435618.8267720991,10,120310.82677209922
2026-08-07,1436044.8267720991,10,120310.82677209922
2026-08-10,1466748.8267720991,10,120310.82677209922
2026-08-11,1475320.8267720991,10,120310.82677209922
2026-08-12,1476800.8267720991,10,120310.82677209922
2026-08-13,1458538.8267720991,10,120310.82677209922
2026-08-14,1475764.8267720991,10,120310.82677209922
2026-08-18,1430855.8267720991,10,120310.82677209922
2026-08-19,1395435.8267720991,10,120310.82677209922
2026-08-20,1416112.8267720991,10,120310.82677209922
2026-08-21,1401132.8267720991,10,120310.82677209922
2026-08-24,1412095.8267720991,10,120310.82677209922
2026-08-25,1429932.8267720991,10,120310.82677209922
2026-08-26,1433158.8267720991,10,120310.82677209922
2026-08-27,1416425.8267720991,10,120310.82677209922
2026-08-28,1439942.8267720991,10,120310.82677209922
2026-08-31,1437811.8267720991,10,120310.82677209922
2026-09-01,1428649.4800180993,10,144810.48001809933
