asof,rank,code,score,close
2024-12-30,1,011760,3.8201257862,19110
2024-12-30,2,045100,3.7647798742,16570
2024-12-30,3,017940,3.7610062893,68700
2024-12-30,4,028050,3.7597484277,16550
2024-12-30,5,049770,3.7459119497,31050
2024-12-30,6,064820,3.7433962264,5740
2024-12-30,7,005850,3.7106918239,30150
2024-12-30,8,073240,3.7106918239,4775
2024-12-30,9,007340,3.7081761006,18330
2024-12-30,10,007860,3.6855345912,6750
2024-12-30,11,145990,3.6628930818,47600
2024-12-30,12,004690,3.6566037736,88800
2024-12-30,13,035890,3.6352201258,3144
2024-12-30,14,051500,3.6213836478,17460
2024-12-30,15,005440,3.6025157233,4885
2024-12-30,16,003300,3.5974842767,14000
2024-12-30,17,015750,3.5924528302,4965
2024-12-30,18,000270,3.5911949686,100700
2024-12-30,19,267980,3.5748427673,34750
2024-12-30,20,023590,3.5672955975,17870
2024-12-30,21,306200,3.5371069182,120700
2024-12-30,22,005380,3.5320754717,212000
2024-12-30,23,108670,3.5157232704,31900
2024-12-30,24,214320,3.4830188679,19390
2024-12-30,25,000070,3.4666666667,43708
2024-12-30,26,200880,3.4641509434,11770
2024-12-30,27,012630,3.4176100629,11910
2024-12-30,28,009970,3.3924528302,83200
2024-12-30,29,006730,3.3849056604,5420
2024-12-30,30,234300,3.3685534591,3785
2024-12-30,31,185750,3.3647798742,89000
2024-12-30,32,006040,3.3597484277,36950
2024-12-30,33,211050,3.3572327044,5610
2024-12-30,34,012330,3.3496855346,236500
2024-12-30,35,194370,3.3371069182,7075
2024-12-30,36,300720,3.3320754717,14520
2024-12-30,37,005300,3.3018867925,112000
2024-12-30,38,282330,3.2893081761,102500
2024-12-30,39,161390,3.2805031447,38400
2024-12-30,40,086280,3.279245283,118100
2024-12-30,41,009900,3.2754716981,10310
2024-12-30,42,025540,3.2691823899,66900
2024-12-30,43,105630,3.2591194969,14170
2024-12-30,44,093050,3.241509434,15500
2024-12-30,45,035150,3.2163522013,13160
2024-12-30,46,123410,3.2113207547,4375
2024-12-30,47,002030,3.1974842767,251500
2024-12-30,48,017810,3.1962264151,10700
2024-12-30,49,069260,3.1798742138,17050
2024-12-30,50,078930,3.1773584906,39300
2024-12-30,51,047040,3.1735849057,3105
2024-12-30,52,032190,3.1660377358,10160
2024-12-30,53,000120,3.1610062893,84400
2024-12-30,54,053700,3.1496855346,4220
2024-12-30,55,018670,3.1459119497,207000
2024-12-30,56,049720,3.1459119497,10110
2024-12-30,57,007310,3.1119496855,395500
2024-12-30,58,018310,3.1094339623,21000
2024-12-30,59,003960,3.0968553459,40600
2024-12-30,60,017800,3.0867924528,52400
2025-01-31,1,011760,3.8485254692,19640
2025-01-31,2,019180,3.8230563003,3240
2025-01-31,3,017940,3.7949061662,66500
2025-01-31,4,045100,3.7841823056,16400
2025-01-31,5,035890,3.7774798928,3038
2025-01-31,6,049770,3.7721179625,29650
2025-01-31,7,007340,3.7493297587,20900
2025-01-31,8,005850,3.7426273458,32050
2025-01-31,9,073240,3.7184986595,5250
2025-01-31,10,005440,3.672922252,4885
2025-01-31,11,015750,3.672922252,5130
2025-01-31,12,000270,3.6058981233,102000
2025-01-31,13,028050,3.5670241287,18010
2025-01-31,14,051500,3.5361930295,20650
2025-01-31,15,053700,3.5013404826,4375
2025-01-31,16,108670,3.4973190349,30950
2025-01-31,17,185750,3.4544235925,86600
2025-01-31,18,282330,3.4544235925,103600
2025-01-31,19,005380,3.4530831099,206000
2025-01-31,20,214320,3.4517426273,18470
2025-01-31,21,012630,3.4504021448,12490
2025-01-31,22,009970,3.4490616622,81900
2025-01-31,23,006040,3.4463806971,33650
2025-01-31,24,234300,3.4329758713,4170
2025-01-31,25,009900,3.4329758713,10920
2025-01-31,26,300720,3.4222520107,15390
2025-01-31,27,211050,3.4008042895,5730
2025-01-31,28,003960,3.3766756032,39650
2025-01-31,29,053270,3.3659517426,2265
2025-01-31,30,105630,3.3445040214,13150
2025-01-31,31,012330,3.3378016086,263500
2025-01-31,32,200880,3.3351206434,12610
2025-01-31,33,161390,3.3310991957,40950
2025-01-31,34,005300,3.3243967828,103500
2025-01-31,35,183190,3.3203753351,10540
2025-01-31,36,005610,3.308310992,46850
2025-01-31,37,069260,3.2627345845,16950
2025-01-31,38,017800,3.2600536193,53000
2025-01-31,39,053980,3.2439678284,3560
2025-01-31,40,248070,3.2037533512,18850
2025-01-31,41,025540,3.1983914209,78500
2025-01-31,42,023410,3.1903485255,3295
2025-01-31,43,035600,3.1849865952,8590
2025-01-31,44,002960,3.1836461126,316000
2025-01-31,45,078930,3.18230563,38500
2025-01-31,46,215200,3.1809651475,39000
2025-01-31,47,007310,3.1715817694,384000
2025-01-31,48,016380,3.1715817694,5920
2025-01-31,49,030000,3.163538874,17180
2025-01-31,50,018670,3.1608579088,217000
2025-01-31,51,017810,3.1554959786,10370
2025-01-31,52,286940,3.1554959786,19540
2025-01-31,53,023530,3.1461126005,54000
2025-01-31,54,192080,3.1380697051,49000
2025-01-31,55,020560,3.1273458445,10560
2025-01-31,56,005180,3.1260053619,73400
2025-01-31,57,117580,3.1260053619,8080
2025-01-31,58,035150,3.1246648794,14190
2025-01-31,59,101160,3.1152815013,16670
2025-01-31,60,032640,3.1139410188,10040
2025-02-28,1,079960,3.8425584256,19270
2025-02-28,2,004690,3.7896678967,91000
2025-02-28,3,045100,3.7724477245,16660
2025-02-28,4,017940,3.7576875769,62300
2025-02-28,5,007340,3.7515375154,21300
2025-02-28,6,073240,3.7367773678,4900
2025-02-28,7,049770,3.6875768758,31200
2025-02-28,8,000270,3.6642066421,93200
2025-02-28,9,005440,3.618696187,5450
2025-02-28,10,194370,3.5990159902,7535
2025-02-28,11,211050,3.5867158672,5860
2025-02-28,12,108670,3.5535055351,30550
2025-02-28,13,005380,3.5412054121,193000
2025-02-28,14,214320,3.5313653137,18370
2025-02-28,15,015750,3.5141451415,5060
2025-02-28,16,282330,3.4932349323,99900
2025-02-28,17,005610,3.4895448954,49750
2025-02-28,18,051500,3.4575645756,21500
2025-02-28,19,284740,3.4526445264,22100
2025-02-28,20,185750,3.4489544895,80800
2025-02-28,21,003960,3.430504305,40750
2025-02-28,22,017800,3.4218942189,55000
2025-02-28,23,012630,3.4206642066,13800
2025-02-28,24,006040,3.4194341943,35100
2025-02-28,25,300720,3.4034440344,15660
2025-02-28,26,000070,3.4009840098,39771
2025-02-28,27,009970,3.393603936,90900
2025-02-28,28,012330,3.3911439114,245500
2025-02-28,29,023590,3.3886838868,20250
2025-02-28,30,011760,3.3640836408,24150
2025-02-28,31,123410,3.3345633456,4490
2025-02-28,32,009900,3.3308733087,9310
2025-02-28,33,248070,3.3234932349,17630
2025-02-28,34,005300,3.3222632226,104900
2025-02-28,35,053270,3.3148831488,2250
2025-02-28,36,161390,3.3136531365,37900
2025-02-28,37,028050,3.3038130381,16380
2025-02-28,38,200880,3.2927429274,12610
2025-02-28,39,000430,3.2878228782,3740
2025-02-28,40,210980,3.2853628536,5517
2025-02-28,41,215200,3.2730627306,38600
2025-02-28,42,093050,3.2669126691,16510
2025-02-28,43,069260,3.2632226322,16160
2025-02-28,44,002960,3.2595325953,316000
2025-02-28,45,064820,3.2570725707,6690
2025-02-28,46,058860,3.2521525215,2705
2025-02-28,47,030000,3.2373923739,17870
2025-02-28,48,105630,3.2373923739,11660
2025-02-28,49,230360,3.233702337,9200
2025-02-28,50,035600,3.2300123001,8560
2025-02-28,51,192080,3.2066420664,47900
2025-02-28,52,007310,3.1894218942,387000
2025-02-28,53,020560,3.1746617466,10680
2025-02-28,54,005810,3.1709717097,26650
2025-02-28,55,215000,3.1635916359,59200
2025-02-28,56,003310,3.147601476,1643
2025-02-28,57,016090,3.1389913899,2265
2025-02-28,58,033270,3.1389913899,20200
2025-02-28,59,032190,3.135301353,10900
2025-02-28,60,353810,3.1316113161,5050
2025-03-31,1,045100,3.7823218997,15840
2025-03-31,2,073240,3.7730870712,4735
2025-03-31,3,017940,3.7308707124,59100
2025-03-31,4,004690,3.7058047493,86300
2025-03-31,5,145990,3.6807387863,43900
2025-03-31,6,005440,3.6635883905,5130
2025-03-31,7,108670,3.6345646438,29350
2025-03-31,8,049770,3.6306068602,32100
2025-03-31,9,210980,3.6121372032,5511
2025-03-31,10,007340,3.6094986807,20600
2025-03-31,11,003960,3.6055408971,37700
2025-03-31,12,000270,3.555408971,92300
2025-03-31,13,185750,3.555408971,77800
2025-03-31,14,017800,3.5488126649,54100
2025-03-31,15,006730,3.5211081794,5500
2025-03-31,16,248070,3.5079155673,16660
2025-03-31,17,009900,3.463060686,8370
2025-03-31,18,234080,3.4591029024,10960
2025-03-31,19,284740,3.4564643799,20700
2025-03-31,20,001790,3.4498680739,2730
2025-03-31,21,214320,3.437994723,17480
2025-03-31,22,282330,3.4353562005,109400
2025-03-31,23,006040,3.3944591029,34700
2025-03-31,24,005380,3.3839050132,197200
2025-03-31,25,011760,3.3482849604,21900
2025-03-31,26,300720,3.3298153034,15870
2025-03-31,27,211050,3.3047493404,6880
2025-03-31,28,000070,3.2875989446,38703
2025-03-31,29,093050,3.2757255937,14490
2025-03-31,30,069260,3.2744063325,15700
2025-03-31,31,053270,3.2625329815,2015
2025-03-31,32,005300,3.2506596306,106900
2025-03-31,33,230360,3.2427440633,8010
2025-03-31,34,012630,3.2295514512,14890
2025-03-31,35,215200,3.2242744063,40450
2025-03-31,36,009970,3.2229551451,89500
2025-03-31,37,105630,3.2044854881,11130
2025-03-31,38,161390,3.2018469657,39450
2025-03-31,39,020560,3.1978891821,9950
2025-03-31,40,038110,3.1952506596,2370
2025-03-31,41,023590,3.191292876,19740
2025-03-31,42,243070,3.1807387863,24550
2025-03-31,43,124560,3.1794195251,2770
2025-03-31,44,030000,3.1675461741,18020
2025-03-31,45,194370,3.1609498681,8590
2025-03-31,46,004140,3.1583113456,2085
2025-03-31,47,298020,3.1490765172,217000
2025-03-31,48,035810,3.1345646438,2950
2025-03-31,49,192080,3.1266490765,49850
2025-03-31,50,012330,3.1213720317,260500
2025-03-31,51,200880,3.1094986807,12320
2025-03-31,52,035150,3.1029023747,14700
2025-03-31,53,215000,3.1015831135,63500
2025-03-31,54,028050,3.0910290237,19780
2025-03-31,55,032190,3.0883905013,11280
2025-03-31,56,378850,3.0857519789,2945
2025-03-31,57,381970,3.0712401055,12940
2025-03-31,58,032640,3.0672823219,10300
2025-03-31,59,051500,3.0659630607,22650
2025-03-31,60,007310,3.0633245383,413500
2025-04-30,1,004800,4.4605095541,53100
2025-04-30,2,032190,4.2700636943,11850
2025-04-30,3,023590,4.1834394904,21700
2025-04-30,4,006060,4.1808917197,4685
2025-04-30,5,097520,3.9694267516,23950
2025-04-30,6,005090,3.9617834395,23250
2025-04-30,7,037460,3.9031847134,10480
2025-04-30,8,091700,3.8904458599,6880
2025-04-30,9,031330,3.8,2710
2025-04-30,10,051360,3.6942675159,9798
2025-04-30,11,073240,3.6713375796,4820
2025-04-30,12,194370,3.6598726115,7720
2025-04-30,13,123860,3.6388535032,19440
2025-04-30,14,011200,3.6331210191,18260
2025-04-30,15,011760,3.6203821656,22800
2025-04-30,16,009240,3.6146496815,42450
2025-04-30,17,284740,3.5961783439,22800
2025-04-30,18,035150,3.5592356688,14250
2025-04-30,19,002790,3.5184713376,22950
2025-04-30,20,003490,3.4624203822,20950
2025-04-30,21,381970,3.4611464968,14000
2025-04-30,22,000270,3.4445859873,90400
2025-04-30,23,025540,3.4089171975,64500
2025-04-30,24,007370,3.3949044586,6200
2025-04-30,25,012330,3.3885350318,267500
2025-04-30,26,102260,3.3719745223,4077
2025-04-30,27,078520,3.3299363057,6840
2025-04-30,28,126880,3.3178343949,4230
2025-04-30,29,049770,3.3146496815,36850
2025-04-30,30,001120,3.3121019108,26550
2025-04-30,31,036460,3.3082802548,38850
2025-04-30,32,267250,3.3044585987,78700
2025-04-30,33,039130,3.2993630573,51900
2025-04-30,34,051370,3.276433121,8360
2025-04-30,35,093050,3.2751592357,14900
2025-04-30,36,035890,3.2700636943,3416
2025-04-30,37,005810,3.2675159236,28650
2025-04-30,38,049430,3.2668789809,9790
2025-04-30,39,211050,3.2662420382,8280
2025-04-30,40,002380,3.2598726115,249500
2025-04-30,41,005930,3.2585987261,55500
2025-04-30,42,001800,3.2560509554,18290
2025-04-30,43,030190,3.2484076433,12950
2025-04-30,44,161390,3.2433121019,41400
2025-04-30,45,069260,3.2222929936,16070
2025-04-30,46,001680,3.2089171975,23900
2025-04-30,47,030000,3.2089171975,18550
2025-04-30,48,282330,3.2,107800
2025-04-30,49,214320,3.1987261146,18220
2025-04-30,50,003960,3.1757961783,38100
2025-04-30,51,059210,3.1649681529,4600
2025-04-30,52,272450,3.1592356688,8930
2025-04-30,53,005880,3.1503184713,1520
2025-04-30,54,079370,3.1484076433,12900
2025-04-30,55,456040,3.1401273885,55100
2025-04-30,56,112610,3.1394904459,38800
2025-04-30,57,272290,3.1292993631,22850
2025-04-30,58,298020,3.1095541401,237500
2025-04-30,59,383800,3.0828025478,6550
2025-04-30,60,123410,3.0777070064,4670
2025-05-30,1,004800,4.1100362757,62400
2025-05-30,2,006060,3.8851269649,4815
2025-05-30,3,017370,3.7533252721,7050
2025-05-30,4,073240,3.6287787183,4445
2025-05-30,5,009240,3.6166868198,42050
2025-05-30,6,031330,3.6130592503,2780
2025-05-30,7,079960,3.5961305925,22000
2025-05-30,8,023590,3.592503023,26850
2025-05-30,9,057050,3.5586457074,54600
2025-05-30,10,012030,3.5550181378,1388
2025-05-30,11,052330,3.553808948,9650
2025-05-30,12,123860,3.5417170496,18290
2025-05-30,13,097520,3.5126964933,27300
2025-05-30,14,005710,3.4836759371,9440
2025-05-30,15,011760,3.4340991536,26500
2025-05-30,16,051360,3.4316807739,9456
2025-05-30,17,049770,3.4268440145,40650
2025-05-30,18,381970,3.4183796856,15090
2025-05-30,19,044450,3.4135429262,9780
2025-05-30,20,453340,3.4099153567,17150
2025-05-30,21,042370,3.4087061669,7650
2025-05-30,22,035150,3.3990326481,14830
2025-05-30,23,035890,3.3978234583,3545
2025-05-30,24,012330,3.3639661427,253000
2025-05-30,25,123410,3.3591293833,4680
2025-05-30,26,096760,3.3313180169,3505
2025-05-30,27,002790,3.3131801693,26200
2025-05-30,28,108320,3.299879081,60200
2025-05-30,29,145990,3.2986698912,51000
2025-05-30,30,009160,3.2950423216,4900
2025-05-30,31,284740,3.2950423216,25700
2025-05-30,32,272290,3.2865779927,22600
2025-05-30,33,017940,3.2853688029,74600
2025-05-30,34,011200,3.2623941959,21300
2025-05-30,35,000270,3.2599758162,89400
2025-05-30,36,005090,3.2587666264,24250
2025-05-30,37,030000,3.2466747279,18360
2025-05-30,38,005430,3.2442563482,53300
2025-05-30,39,214180,3.238210399,12960
2025-05-30,40,036530,3.2261185006,52000
2025-05-30,41,001120,3.2261185006,28300
2025-05-30,42,091700,3.2164449819,6570
2025-05-30,43,030190,3.207980653,14540
2025-05-30,44,004590,3.2031438936,5240
2025-05-30,45,000080,3.2007255139,20200
2025-05-30,46,214320,3.1729141475,18180
2025-05-30,47,000320,3.1668681983,18160
2025-05-30,48,032190,3.1608222491,17020
2025-05-30,49,004360,3.1511487304,13810
2025-05-30,50,138490,3.1499395405,6680
2025-05-30,51,277880,3.1354292624,5100
2025-05-30,52,071320,3.123337364,78900
2025-05-30,53,160980,3.1197097944,11700
2025-05-30,54,210980,3.1172914148,6565
2025-05-30,55,005380,3.1051995163,185300
2025-05-30,56,272450,3.0967351874,9510
2025-05-30,57,161390,3.0918984281,38500
2025-05-30,58,071200,3.0822249093,6386
2025-05-30,59,036460,3.0773881499,41350
2025-05-30,60,009900,3.0749697703,8360
2025-06-30,1,005710,4.0442764579,10820
2025-06-30,2,006060,3.7807775378,4675
2025-06-30,3,123860,3.7505399568,17810
2025-06-30,4,004800,3.7467602592,76300
2025-06-30,5,037460,3.7354211663,11170
2025-06-30,6,097520,3.6933045356,27100
2025-06-30,7,079960,3.692224622,24100
2025-06-30,8,073240,3.6673866091,4505
2025-06-30,9,031330,3.6328293737,2915
2025-06-30,10,049520,3.5928725702,3700
2025-06-30,11,234080,3.4805615551,11890
2025-06-30,12,012030,3.4740820734,1496
2025-06-30,13,102260,3.4719222462,4340
2025-06-30,14,453340,3.4438444924,17370
2025-06-30,15,044450,3.4049676026,9510
2025-06-30,16,007370,3.398488121,6260
2025-06-30,17,009160,3.3855291577,4950
2025-06-30,18,009240,3.3795896328,46100
2025-06-30,19,035890,3.3704103672,3383
2025-06-30,20,284740,3.36825054,25700
2025-06-30,21,035150,3.3650107991,14880
2025-06-30,22,005090,3.3574514039,24550
2025-06-30,23,005500,3.343412527,18810
2025-06-30,24,093050,3.3423326134,18120
2025-06-30,25,353810,3.3401727862,4990
2025-06-30,26,006390,3.3358531317,19090
2025-06-30,27,108320,3.3196544276,64700
2025-06-30,28,123410,3.318574514,4740
2025-06-30,29,049770,3.3142548596,42000
2025-06-30,30,037440,3.3099352052,5200
2025-06-30,31,051360,3.2969762419,9611
2025-06-30,32,016710,3.2904967603,9510
2025-06-30,33,104460,3.2656587473,17520
2025-06-30,34,145990,3.2645788337,51600
2025-06-30,35,000270,3.2343412527,96900
2025-06-30,36,005430,3.2235421166,52200
2025-06-30,37,124560,3.217062635,2960
2025-06-30,38,011760,3.217062635,29000
2025-06-30,39,071200,3.2159827214,6792
2025-06-30,40,096760,3.2062634989,3535
2025-06-30,41,037030,3.2041036717,2700
2025-06-30,42,241590,3.2014038877,7560
2025-06-30,43,091700,3.1976241901,6370
2025-06-30,44,001680,3.1954643629,21900
2025-06-30,45,000080,3.1911447084,20600
2025-06-30,46,272290,3.1803455724,22650
2025-06-30,47,160980,3.1771058315,12940
2025-06-30,48,036030,3.1749460043,5190
2025-06-30,49,057050,3.1749460043,56500
2025-06-30,50,045100,3.1663066955,18000
2025-06-30,51,001130,3.1663066955,14940
2025-06-30,52,017370,3.1652267819,7970
2025-06-30,53,210980,3.1625269978,6484
2025-06-30,54,007980,3.161987041,1448
2025-06-30,55,058430,3.1555075594,3940
2025-06-30,56,005610,3.1544276458,55600
2025-06-30,57,161390,3.151187905,39750
2025-06-30,58,011200,3.148488121,22500
2025-06-30,59,017940,3.1274298056,78900
2025-06-30,60,069510,3.1177105832,17780
2025-07-31,1,021050,4.1515499426,1296
2025-07-31,2,037460,3.8564867968,11850
2025-07-31,3,005710,3.8346727899,10820
2025-07-31,4,097520,3.7508610792,29500
2025-07-31,5,123860,3.7164179104,18760
2025-07-31,6,073240,3.6946039036,4655
2025-07-31,7,006060,3.6188289323,4485
2025-07-31,8,031330,3.6153846154,3065
2025-07-31,9,052330,3.5545350172,9940
2025-07-31,10,005610,3.5510907003,54900
2025-07-31,11,012030,3.5487944891,1352
2025-07-31,12,066620,3.5086107922,21950
2025-07-31,13,018500,3.4994259472,1425
2025-07-31,14,035150,3.4982778416,15180
2025-07-31,15,057050,3.4845005741,57300
2025-07-31,16,011760,3.4454649828,25100
2025-07-31,17,453340,3.4420206659,17440
2025-07-31,18,037440,3.4397244546,4770
2025-07-31,19,004800,3.4374282434,87000
2025-07-31,20,007370,3.4305396096,6210
2025-07-31,21,051360,3.4098737084,9922
2025-07-31,22,079960,3.3903559127,25500
2025-07-31,23,044450,3.3892078071,10550
2025-07-31,24,005090,3.3398392652,24500
2025-07-31,25,009160,3.3295063146,5140
2025-07-31,26,108320,3.3019517796,55000
2025-07-31,27,091700,3.3019517796,6630
2025-07-31,28,005500,3.2962112514,20100
2025-07-31,29,011200,3.2812858783,23450
2025-07-31,30,460850,3.2192881745,6060
2025-07-31,31,009240,3.1997703789,46900
2025-07-31,32,016710,3.1974741676,9290
2025-07-31,33,006390,3.1641791045,20150
2025-07-31,34,051370,3.1630309989,9150
2025-07-31,35,160980,3.1618828932,12170
2025-07-31,36,241590,3.1458094145,7530
2025-07-31,37,190510,3.1354764638,14820
2025-07-31,38,272450,3.132032147,8970
2025-07-31,39,054800,3.1308840413,11750
2025-07-31,40,001680,3.1274397245,23550
2025-07-31,41,025540,3.1274397245,66300
2025-07-31,42,124560,3.1251435132,3130
2025-07-31,43,145990,3.1171067738,52900
2025-07-31,44,035890,3.1125143513,3614
2025-07-31,45,002810,3.1090700344,16590
2025-07-31,46,012330,3.1044776119,294500
2025-07-31,47,002790,3.1033295063,31050
2025-07-31,48,001630,3.0975889782,49500
2025-07-31,49,000080,3.0941446613,20250
2025-07-31,50,049720,3.0700344432,10530
2025-07-31,51,007340,3.0619977038,29000
2025-07-31,52,016380,3.0528128588,5940
2025-07-31,53,078350,3.0482204363,9300
2025-07-31,54,000270,3.0447761194,102300
2025-07-31,55,284740,3.0390355913,27850
2025-07-31,56,058430,3.0344431688,4205
2025-07-31,57,267290,3.0309988519,20300
2025-07-31,58,161390,3.0252583238,44450
2025-07-31,59,001130,3.0252583238,15110
2025-07-31,60,002350,3.0241102181,5960
2025-08-29,1,073240,3.8874514877,4960
2025-08-29,2,097520,3.8266494179,30000
2025-08-29,3,005710,3.7289780078,11950
2025-08-29,4,004800,3.639068564,86800
2025-08-29,5,037030,3.6209573092,2915
2025-08-29,6,057050,3.5886157827,55600
2025-08-29,7,453340,3.509702458,16100
2025-08-29,8,123860,3.4786545925,17900
2025-08-29,9,002790,3.4469598965,27200
2025-08-29,10,001060,3.4437257439,21450
2025-08-29,11,005500,3.4191461837,18980
2025-08-29,12,039130,3.3997412678,51500
2025-08-29,13,032190,3.3712807245,16390
2025-08-29,14,051360,3.3686934023,10569
2025-08-29,15,049520,3.360931436,3190
2025-08-29,16,023590,3.3596377749,34150
2025-08-29,17,025540,3.3570504528,63000
2025-08-29,18,006060,3.3285899094,4270
2025-08-29,19,011760,3.2807244502,22200
2025-08-29,20,009240,3.2787839586,42200
2025-08-29,21,083930,3.2496765847,13050
2025-08-29,22,093050,3.2302716688,18940
2025-08-29,23,045100,3.2263906856,19120
2025-08-29,24,284740,3.1992238034,27050
2025-08-29,25,091700,3.1888745149,6410
2025-08-29,26,298020,3.1746442432,219000
2025-08-29,27,145990,3.1733505821,48950
2025-08-29,28,214320,3.1733505821,18360
2025-08-29,29,000270,3.17076326,105800
2025-08-29,30,200880,3.1578266494,11730
2025-08-29,31,001250,3.1565329884,2545
2025-08-29,32,194370,3.1397153946,10180
2025-08-29,33,017940,3.126778784,74900
2025-08-29,34,030000,3.1164294955,19800
2025-08-29,35,015750,3.1112548512,6030
2025-08-29,36,012330,3.0970245796,318500
2025-08-29,37,044450,3.0957309185,9500
2025-08-29,38,003960,3.0711513583,41600
2025-08-29,39,272450,3.0705045278,8510
2025-08-29,40,100120,3.0595084088,20400
2025-08-29,41,051370,3.0582147477,8750
2025-08-29,42,079960,3.0543337646,21600
2025-08-29,43,003850,3.0478654592,8350
2025-08-29,44,036460,3.0401034929,39550
2025-08-29,45,001680,3.0323415265,22600
2025-08-29,46,000080,3.0271668823,19100
2025-08-29,47,348210,3.0187580854,42550
2025-08-29,48,381970,3.0168175938,15900
2025-08-29,49,019440,2.9987063389,15950
2025-08-29,50,079810,2.9831824062,6210
2025-08-29,51,104460,2.9754204398,15860
2025-08-29,52,215200,2.9663648124,46050
2025-08-29,53,160980,2.9598965071,12560
2025-08-29,54,038500,2.9443725744,3290
2025-08-29,55,090350,2.9430789133,9380
2025-08-29,56,005380,2.936610608,220000
2025-08-29,57,210980,2.9217335058,6871
2025-08-29,58,084690,2.9197930142,9500
2025-08-29,59,211050,2.9094437257,11690
2025-08-29,60,004490,2.9042690815,62300
2025-09-30,1,073240,3.98482933,4725
2025-09-30,2,037460,3.9026548673,12190
2025-09-30,3,004800,3.8938053097,84900
2025-09-30,4,097520,3.8596713021,29350
2025-09-30,5,031330,3.7155499368,3355
2025-09-30,6,002790,3.6662452592,26650
2025-09-30,7,011760,3.6498103666,21150
2025-09-30,8,023590,3.600505689,36700
2025-09-30,9,036460,3.5891276865,39100
2025-09-30,10,039130,3.5524652339,50200
2025-09-30,11,051360,3.5322376738,10271
2025-09-30,12,453340,3.5145385588,15170
2025-09-30,13,025540,3.5031605563,61200
2025-09-30,14,032190,3.4879898862,17530
2025-09-30,15,001060,3.4841972187,21250
2025-09-30,16,035150,3.4551201011,14350
2025-09-30,17,003960,3.4437420986,39350
2025-09-30,18,093050,3.399494311,17500
2025-09-30,19,009240,3.3558786346,45300
2025-09-30,20,091700,3.3261694058,6450
2025-09-30,21,012330,3.3249051833,298500
2025-09-30,22,381970,3.3059418458,15610
2025-09-30,23,298020,3.3021491783,214000
2025-09-30,24,104460,3.2680151707,14180
2025-09-30,25,284740,3.2680151707,26200
2025-09-30,26,015750,3.2629582807,5470
2025-09-30,27,079960,3.2528445006,21200
2025-09-30,28,200880,3.2515802781,10750
2025-09-30,29,014830,3.2515802781,70100
2025-09-30,30,194370,3.2225031606,10080
2025-09-30,31,282330,3.211125158,108000
2025-09-30,32,017940,3.203539823,74400
2025-09-30,33,001250,3.193426043,2485
2025-09-30,34,001680,3.188369153,22000
2025-09-30,35,037030,3.1871049305,3070
2025-09-30,36,090430,3.1820480405,122300
2025-09-30,37,145990,3.1605562579,52000
2025-09-30,38,000270,3.1554993679,100700
2025-09-30,39,084690,3.1365360303,9060
2025-09-30,40,083930,3.1302149178,15740
2025-09-30,41,000080,3.1289506953,19050
2025-09-30,42,010280,3.1137800253,5204
2025-09-30,43,018670,3.1061946903,231500
2025-09-30,44,038500,3.1036662453,3210
2025-09-30,45,001130,3.0910240202,14620
2025-09-30,46,013580,3.0910240202,19500
2025-09-30,47,030000,3.0897597977,20300
2025-09-30,48,214320,3.0884955752,18200
2025-09-30,49,045100,3.0821744627,19160
2025-09-30,50,006390,3.0720606827,18560
2025-09-30,51,004490,3.0707964602,63800
2025-09-30,52,025770,3.0682680152,9050
2025-09-30,53,071320,3.0657395702,90300
2025-09-30,54,005500,3.0632111252,19210
2025-09-30,55,042370,3.0606826802,8360
2025-09-30,56,009900,3.0404551201,8470
2025-09-30,57,005380,3.0379266751,215000
2025-09-30,58,051160,3.0353982301,7610
2025-09-30,59,003850,3.0316055626,8720
2025-09-30,60,049720,3.0189633375,11060
2025-10-31,1,073240,3.9631043257,4720
2025-10-31,2,037460,3.951653944,12450
2025-10-31,3,011760,3.6997455471,21250
2025-10-31,4,032190,3.6832061069,17560
2025-10-31,5,057050,3.6628498728,52600
2025-10-31,6,002790,3.6622137405,25400
2025-10-31,7,023590,3.6501272265,39000
2025-10-31,8,036460,3.6399491094,41700
2025-10-31,9,097520,3.6106870229,31150
2025-10-31,10,093050,3.5903307888,18270
2025-10-31,11,039130,3.572519084,47700
2025-10-31,12,453340,3.5559796438,15050
2025-10-31,13,004800,3.4910941476,126700
2025-10-31,14,020710,3.489821883,3980
2025-10-31,15,025540,3.4796437659,61900
2025-10-31,16,284740,3.4694656489,23000
2025-10-31,17,194370,3.4249363868,10590
2025-10-31,18,104460,3.4223918575,13960
2025-10-31,19,009240,3.4147582697,46500
2025-10-31,20,017940,3.3944020356,74800
2025-10-31,21,035150,3.3829516539,13480
2025-10-31,22,051360,3.3460559796,9331
2025-10-31,23,234080,3.3409669211,13450
2025-10-31,24,006060,3.3371501272,3990
2025-10-31,25,381970,3.3358778626,15150
2025-10-31,26,001060,3.334605598,23500
2025-10-31,27,031330,3.31043257,3690
2025-10-31,28,012330,3.3027989822,316000
2025-10-31,29,001250,3.2557251908,2455
2025-10-31,30,090430,3.2270992366,120900
2025-10-31,31,003960,3.2213740458,37650
2025-10-31,32,298020,3.213740458,208000
2025-10-31,33,282330,3.1997455471,103600
2025-10-31,34,001680,3.1972010178,20850
2025-10-31,35,145990,3.18956743,49500
2025-10-31,36,004690,3.1870229008,123200
2025-10-31,37,038500,3.1704834606,3005
2025-10-31,38,004360,3.1679389313,13590
2025-10-31,39,009450,3.1666666667,70600
2025-10-31,40,272450,3.1622137405,7210
2025-10-31,41,472850,3.1615776081,4574
2025-10-31,42,058430,3.1603053435,3860
2025-10-31,43,044450,3.1564885496,9240
2025-10-31,44,091700,3.1361323155,6920
2025-10-31,45,083930,3.1335877863,15670
2025-10-31,46,117580,3.1259541985,8190
2025-10-31,47,123860,3.1234096692,17640
2025-10-31,48,138490,3.1132315522,7770
2025-10-31,49,025770,3.1094147583,8130
2025-10-31,50,306200,3.1081424936,126700
2025-10-31,51,000270,3.1043256997,119900
2025-10-31,52,000080,3.0992366412,18830
2025-10-31,53,003010,3.0890585242,5370
2025-10-31,54,290550,3.0623409669,7610
2025-10-31,55,030000,3.0534351145,20350
2025-10-31,56,049720,3.0381679389,10450
2025-10-31,57,007340,3.0330788804,23300
2025-10-31,58,100120,3.0330788804,18930
2025-10-31,59,200880,3.0330788804,13030
2025-10-31,60,001800,3.0203562341,19010
2025-11-28,1,037460,4.0155440415,13160
2025-11-28,2,057050,3.7914507772,54800
2025-11-28,3,009240,3.7409326425,45450
2025-11-28,4,097520,3.7163212435,27100
2025-11-28,5,023590,3.6593264249,35850
2025-11-28,6,284740,3.6502590674,24900
2025-11-28,7,036460,3.6411917098,41500
2025-11-28,8,032190,3.6321243523,17000
2025-11-28,9,011760,3.6191709845,22150
2025-11-28,10,453340,3.6152849741,15580
2025-11-28,11,017940,3.4889896373,82700
2025-11-28,12,025540,3.4158031088,62000
2025-11-28,13,381970,3.4028497409,16200
2025-11-28,14,005090,3.3795336788,23250
2025-11-28,15,115440,3.3743523316,7250
2025-11-28,16,102260,3.353626943,4622
2025-11-28,17,036800,3.3303108808,5070
2025-11-28,18,091700,3.329015544,6930
2025-11-28,19,001680,3.3005181347,21100
2025-11-28,20,145990,3.2836787565,52300
2025-11-28,21,282330,3.2629533679,108300
2025-11-28,22,020710,3.2512953368,4160
2025-11-28,23,004360,3.2448186528,13800
2025-11-28,24,151860,3.2091968912,5770
2025-11-28,25,017810,3.1774611399,13520
2025-11-28,26,073240,3.1774611399,5860
2025-11-28,27,012030,3.1606217617,1454
2025-11-28,28,016380,3.1528497409,5410
2025-11-28,29,004980,3.1386010363,9740
2025-11-28,30,222080,3.1334196891,7040
2025-11-28,31,194370,3.1321243523,11800
2025-11-28,32,005430,3.1295336788,60900
2025-11-28,33,067160,3.1204663212,69100
2025-11-28,34,007340,3.1178756477,24100
2025-11-28,35,014580,3.1101036269,4910
2025-11-28,36,000270,3.0997409326,114100
2025-11-28,37,272450,3.0971502591,6700
2025-11-28,38,011200,3.0829015544,19140
2025-11-28,39,192080,3.079015544,52700
2025-11-28,40,014830,3.0764248705,65300
2025-11-28,41,142210,3.0544041451,5540
2025-11-28,42,083930,3.0531088083,14410
2025-11-28,43,337930,3.0362694301,4725
2025-11-28,44,005500,3.0349740933,20800
2025-11-28,45,031330,3.0259067358,3855
2025-11-28,46,037350,3.0194300518,5720
2025-11-28,47,001250,3.018134715,2390
2025-11-28,48,009900,3.0129533679,8600
2025-11-28,49,035600,3.0097150259,10720
2025-11-28,50,012330,3.0077720207,309500
2025-11-28,51,200880,3.0064766839,12490
2025-11-28,52,051360,3.0012953368,9400
2025-11-28,53,001800,2.9922279793,20250
2025-11-28,54,192400,2.9883419689,28650
2025-11-28,55,298020,2.9870466321,221500
2025-11-28,56,306200,2.9844559585,119300
2025-11-28,57,012630,2.9766839378,17430
2025-11-28,58,013580,2.9740932642,18690
2025-11-28,59,003490,2.9702072539,21850
2025-11-28,60,005850,2.9689119171,41400
2025-12-30,1,037460,3.9749058971,14740
2025-12-30,2,284740,3.6737766625,24050
2025-12-30,3,011760,3.6273525721,21550
2025-12-30,4,036460,3.5972396487,39300
2025-12-30,5,017940,3.5539523212,83300
2025-12-30,6,097520,3.5407779172,28850
2025-12-30,7,023590,3.5269761606,38850
2025-12-30,8,009240,3.517565872,46150
2025-12-30,9,115440,3.513174404,7250
2025-12-30,10,102260,3.5106649937,4250
2025-12-30,11,001540,3.4385194479,8460
2025-12-30,12,381970,3.4353826851,16030
2025-12-30,13,017810,3.4316185696,12940
2025-12-30,14,012030,3.4190715182,1474
2025-12-30,15,282330,3.4015056462,104800
2025-12-30,16,032190,3.3902132999,18400
2025-12-30,17,005090,3.3224592221,21950
2025-12-30,18,003350,3.3136762861,9780
2025-12-30,19,145990,3.3111668758,47400
2025-12-30,20,151860,3.2728983689,5600
2025-12-30,21,005710,3.2659974906,14160
2025-12-30,22,005500,3.2597239649,19750
2025-12-30,23,083930,3.2459222083,13660
2025-12-30,24,051360,3.2396486826,9736
2025-12-30,25,079960,3.2158092848,25550
2025-12-30,26,073240,3.208281054,5860
2025-12-30,27,001130,3.2045169385,14610
2025-12-30,28,016380,3.1994981179,5350
2025-12-30,29,001680,3.1994981179,21050
2025-12-30,30,067160,3.1756587202,67800
2025-12-30,31,014830,3.1718946048,67200
2025-12-30,32,008040,3.165621079,11050
2025-12-30,33,002790,3.1618569636,26850
2025-12-30,34,020710,3.1530740276,4160
2025-12-30,35,018670,3.1267252196,225000
2025-12-30,36,024720,3.1242158093,9510
2025-12-30,37,192080,3.1091593476,53600
2025-12-30,38,005180,3.1091593476,74500
2025-12-30,39,091700,3.0915934755,6970
2025-12-30,40,011200,3.0884567127,20500
2025-12-30,41,071320,3.0815558344,96400
2025-12-30,42,101930,3.0803011292,9240
2025-12-30,43,004980,3.0589711418,9500
2025-12-30,44,035600,3.0583437892,10220
2025-12-30,45,025540,3.0564617315,67300
2025-12-30,46,036530,3.0564617315,54200
2025-12-30,47,003300,3.0501882058,16380
2025-12-30,48,192400,3.0464240903,29000
2025-12-30,49,084690,3.0401505646,9800
2025-12-30,50,049720,3.0326223338,10560
2025-12-30,51,000270,3.0301129235,121800
2025-12-30,52,009160,3.02195734,5100
2025-12-30,53,214180,3.0163111669,16120
2025-12-30,54,012630,3.0138017566,18710
2025-12-30,55,001800,3.0062735257,20650
2025-12-30,56,306200,2.9962358846,117300
2025-12-30,57,004360,2.9899623588,14420
2025-12-30,58,126720,2.982434128,21150
2025-12-30,59,001250,2.9799247177,2315
2025-12-30,60,004490,2.9774153074,62800
2026-01-30,1,057050,3.8090507726,58000
2026-01-30,2,009240,3.7130242826,46600
2026-01-30,3,453340,3.6887417219,15270
2026-01-30,4,011760,3.6412803532,22700
2026-01-30,5,036460,3.5982339956,40150
2026-01-30,6,102260,3.5982339956,4385
2026-01-30,7,001630,3.582781457,50000
2026-01-30,8,017940,3.5684326711,88800
2026-01-30,9,104460,3.5474613687,14510
2026-01-30,10,096760,3.5088300221,3980
2026-01-30,11,009290,3.4977924945,6030
2026-01-30,12,097520,3.4889624724,30450
2026-01-30,13,035150,3.4823399558,12710
2026-01-30,14,123860,3.472406181,17710
2026-01-30,15,037030,3.4646799117,2895
2026-01-30,16,020710,3.4525386313,3990
2026-01-30,17,381970,3.4503311258,15400
2026-01-30,18,017810,3.4481236203,13100
2026-01-30,19,049520,3.4470198675,3625
2026-01-30,20,378850,3.4260485651,3530
2026-01-30,21,005500,3.4249448124,19290
2026-01-30,22,005090,3.4183222958,21800
2026-01-30,23,010280,3.4150110375,5905
2026-01-30,24,005710,3.3907284768,12970
2026-01-30,25,145990,3.3774834437,47550
2026-01-30,26,021050,3.3741721854,1286
2026-01-30,27,023590,3.3675496689,53200
2026-01-30,28,071320,3.3587196468,99800
2026-01-30,29,051360,3.3101545254,9705
2026-01-30,30,101930,3.3024282561,8590
2026-01-30,31,009160,3.293598234,4970
2026-01-30,32,073240,3.2715231788,6020
2026-01-30,33,014580,3.261589404,4605
2026-01-30,34,192400,3.2439293598,27150
2026-01-30,35,018500,3.2417218543,1573
2026-01-30,36,091700,3.2406181015,7180
2026-01-30,37,024720,3.2251655629,10080
2026-01-30,38,004360,3.2251655629,14500
2026-01-30,39,049720,3.2218543046,9990
2026-01-30,40,024800,3.2152317881,2775
2026-01-30,41,018670,3.2141280353,233000
2026-01-30,42,282330,3.2097130243,121400
2026-01-30,43,004980,3.178807947,9840
2026-01-30,44,004800,3.1589403974,152800
2026-01-30,45,004490,3.1567328918,63800
2026-01-30,46,044450,3.142384106,9700
2026-01-30,47,013870,3.1390728477,5070
2026-01-30,48,214320,3.1269315673,19010
2026-01-30,49,192080,3.114790287,53500
2026-01-30,50,115440,3.1103752759,8000
2026-01-30,51,005430,3.1081677704,68700
2026-01-30,52,032190,3.1015452539,28000
2026-01-30,53,151860,3.1004415011,6610
2026-01-30,54,016380,3.0993377483,5620
2026-01-30,55,037460,3.0993377483,22800
2026-01-30,56,011200,3.0816777042,20000
2026-01-30,57,194370,3.0761589404,12010
2026-01-30,58,005860,3.0739514349,3020
2026-01-30,59,012630,3.0651214128,19010
2026-01-30,60,036530,3.0562913907,54300
2026-02-27,1,097520,3.6640776699,27300
2026-02-27,2,284740,3.6563106796,26100
2026-02-27,3,453340,3.6514563107,15940
2026-02-27,4,102260,3.6087378641,4425
2026-02-27,5,049520,3.5640776699,4050
2026-02-27,6,267290,3.5582524272,22700
2026-02-27,7,021050,3.5300970874,1324
2026-02-27,8,006060,3.5165048544,3510
2026-02-27,9,017810,3.5038834951,12980
2026-02-27,10,009240,3.5029126214,49650
2026-02-27,11,003960,3.4660194175,37100
2026-02-27,12,381970,3.4660194175,14900
2026-02-27,13,035150,3.4650485437,13320
2026-02-27,14,104460,3.4640776699,14960
2026-02-27,15,005610,3.4582524272,53700
2026-02-27,16,036460,3.4572815534,41200
2026-02-27,17,001540,3.4286407767,8070
2026-02-27,18,020710,3.427184466,3960
2026-02-27,19,051360,3.4213592233,9692
2026-02-27,20,005500,3.4194174757,18880
2026-02-27,21,011760,3.386407767,27600
2026-02-27,22,017370,3.3834951456,6450
2026-02-27,23,052330,3.3631067961,10130
2026-02-27,24,267980,3.3631067961,40000
2026-02-27,25,123860,3.3611650485,16640
2026-02-27,26,037030,3.3601941748,3060
2026-02-27,27,145990,3.3252427184,51100
2026-02-27,28,096760,3.3203883495,4170
2026-02-27,29,004800,3.2873786408,169000
2026-02-27,30,460850,3.2834951456,5960
2026-02-27,31,005710,3.2815533981,16530
2026-02-27,32,210980,3.2669902913,8797
2026-02-27,33,018500,3.2660194175,1652
2026-02-27,34,017940,3.2577669903,103500
2026-02-27,35,122450,3.2378640777,3560
2026-02-27,36,023590,3.2349514563,54300
2026-02-27,37,378850,3.2281553398,3835
2026-02-27,38,008040,3.2067961165,10550
2026-02-27,39,192400,3.2067961165,29700
2026-02-27,40,115440,3.2019417476,7180
2026-02-27,41,001130,3.2009708738,15560
2026-02-27,42,018670,3.1912621359,233000
2026-02-27,43,277880,3.1912621359,5670
2026-02-27,44,037460,3.1893203883,23500
2026-02-27,45,071320,3.1854368932,93200
2026-02-27,46,031820,3.1834951456,8290
2026-02-27,47,024800,3.1796116505,4180
2026-02-27,48,014580,3.1757281553,4560
2026-02-27,49,009160,3.1674757282,5210
2026-02-27,50,025000,3.159223301,53600
2026-02-27,51,024720,3.1582524272,10500
2026-02-27,52,010280,3.1582524272,6070
2026-02-27,53,227840,3.1495145631,13200
2026-02-27,54,005430,3.1310679612,67000
2026-02-27,55,036530,3.1242718447,62700
2026-02-27,56,079960,3.1106796117,33000
2026-02-27,57,004360,3.0951456311,15810
2026-02-27,58,049720,3.0902912621,10550
2026-02-27,59,001680,3.0902912621,22600
2026-02-27,60,004490,3.0854368932,68900
2026-03-31,1,097520,3.8537946429,20500
2026-03-31,2,021050,3.8024553571,1181
2026-03-31,3,284740,3.7455357143,23150
2026-03-31,4,453340,3.6796875,15820
2026-03-31,5,009240,3.6741071429,41250
2026-03-31,6,049520,3.6584821429,3790
2026-03-31,7,006060,3.5859375,3135
2026-03-31,8,381970,3.5223214286,13740
2026-03-31,9,011760,3.5133928571,24300
2026-03-31,10,017810,3.4776785714,11600
2026-03-31,11,104460,3.4665178571,13880
2026-03-31,12,023590,3.4419642857,43150
2026-03-31,13,194370,3.4352678571,10950
2026-03-31,14,020710,3.4341517857,3945
2026-03-31,15,005500,3.4330357143,17970
2026-03-31,16,031820,3.3995535714,6930
2026-03-31,17,036460,3.3962053571,34950
2026-03-31,18,051360,3.3727678571,9406
2026-03-31,19,010280,3.3660714286,4999
2026-03-31,20,035600,3.3448660714,10020
2026-03-31,21,145990,3.3392857143,44600
2026-03-31,22,096760,3.3392857143,3955
2026-03-31,23,004800,3.3325892857,128500
2026-03-31,24,009160,3.3147321429,4965
2026-03-31,25,071320,3.3091517857,72200
2026-03-31,26,005710,3.2924107143,12480
2026-03-31,27,017940,3.2912946429,100400
2026-03-31,28,052330,3.265625,9820
2026-03-31,29,024720,3.2377232143,8670
2026-03-31,30,057050,3.2377232143,79400
2026-03-31,31,036530,3.2310267857,58200
2026-03-31,32,102260,3.2265625,4100
2026-03-31,33,192400,3.2254464286,27400
2026-03-31,34,018500,3.2232142857,1546
2026-03-31,35,005430,3.2198660714,56800
2026-03-31,36,123860,3.2064732143,16910
2026-03-31,37,004490,3.1908482143,59500
2026-03-31,38,210980,3.1819196429,8783
2026-03-31,39,073240,3.1796875,5950
2026-03-31,40,001130,3.1629464286,14140
2026-03-31,41,049720,3.1584821429,10270
2026-03-31,42,086890,3.1517857143,4465
2026-03-31,43,001680,3.1517857143,19900
2026-03-31,44,353810,3.1316964286,6930
2026-03-31,45,005180,3.1283482143,70500
2026-03-31,46,004980,3.1183035714,8930
2026-03-31,47,234080,3.109375,12560
2026-03-31,48,004360,3.1026785714,14700
2026-03-31,49,337930,3.0926339286,4100
2026-03-31,50,214320,3.0904017857,18010
2026-03-31,51,073560,3.078125,1616
2026-03-31,52,004250,3.0747767857,3860
2026-03-31,53,054930,3.0736607143,23150
2026-03-31,54,144960,3.0736607143,4995
2026-03-31,55,067160,3.0435267857,58900
2026-03-31,56,002790,3.0390625,27650
2026-03-31,57,013570,3.03125,4755
2026-03-31,58,003350,3.0267857143,8770
2026-03-31,59,072710,3.0256696429,91000
2026-03-31,60,025540,3.0256696429,75800
2026-04-30,1,015360,4.4377637131,16070
2026-04-30,2,000430,3.8660337553,4365
2026-04-30,3,035600,3.8502109705,11450
2026-04-30,4,030200,3.8270042194,60900
2026-04-30,5,003480,3.7805907173,6160
2026-04-30,6,007980,3.7732067511,2190
2026-04-30,7,009180,3.7616033755,3175
2026-04-30,8,011560,3.7510548523,23500
2026-04-30,9,071320,3.7109704641,76500
2026-04-30,10,049520,3.7004219409,4035
2026-04-30,11,194700,3.6962025316,14900
2026-04-30,12,004690,3.6719409283,147600
2026-04-30,13,136490,3.667721519,10720
2026-04-30,14,023590,3.6666666667,46400
2026-04-30,15,016880,3.6508438819,3015
2026-04-30,16,019180,3.6466244726,7540
2026-04-30,17,065710,3.6466244726,46200
2026-04-30,18,111770,3.6339662447,82900
2026-04-30,19,136480,3.6297468354,3295
2026-04-30,20,012630,3.6297468354,28100
2026-04-30,21,093050,3.6276371308,24800
2026-04-30,22,009970,3.6265822785,208000
2026-04-30,23,017940,3.6033755274,108300
2026-04-30,24,081660,3.5611814346,40600
2026-04-30,25,071200,3.5506329114,7360
2026-04-30,26,009190,3.5369198312,1536
2026-04-30,27,100220,3.529535865,7030
2026-04-30,28,023350,3.5284810127,5280
2026-04-30,29,008490,3.5284810127,20050
2026-04-30,30,058650,3.5137130802,162300
2026-04-30,31,023800,3.4620253165,8250
2026-04-30,32,046940,3.4567510549,5640
2026-04-30,33,002350,3.4525316456,7430
2026-04-30,34,353810,3.4504219409,7740
2026-04-30,35,002900,3.4419831224,8050
2026-04-30,36,094970,3.44092827,3610
2026-04-30,37,211050,3.4356540084,10820
2026-04-30,38,461300,3.4018987342,18600
2026-04-30,39,006040,3.4008438819,38550
2026-04-30,40,041510,3.3966244726,96600
2026-04-30,41,019540,3.3955696203,7210
2026-04-30,42,036530,3.3639240506,62100
2026-04-30,43,031330,3.3565400844,7070
2026-04-30,44,028100,3.3523206751,18000
2026-04-30,45,018500,3.3512658228,1864
2026-04-30,46,010280,3.3470464135,5940
2026-04-30,47,052460,3.3459915612,3960
2026-04-30,48,015760,3.3111814346,43550
2026-04-30,49,032190,3.3006329114,23050
2026-04-30,50,198080,3.2943037975,3060
2026-04-30,51,243070,3.2911392405,26400
2026-04-30,52,046440,3.2869198312,5230
2026-04-30,53,267250,3.2837552743,310500
2026-04-30,54,032620,3.2805907173,4060
2026-04-30,55,009540,3.2658227848,461500
2026-04-30,56,051500,3.2637130802,28800
2026-04-30,57,089860,3.2331223629,33650
2026-04-30,58,381970,3.2215189873,11000
2026-04-30,59,102260,3.2162447257,4400
2026-04-30,60,030000,3.19092827,20050
2026-05-29,1,015360,4.2333000997,15120
2026-05-29,2,058850,4.0039880359,2515
2026-05-29,3,032620,3.9192422732,3400
2026-05-29,4,317400,3.7726819541,3730
2026-05-29,5,023590,3.7597208375,39550
2026-05-29,6,016880,3.7248255234,2120
2026-05-29,7,071320,3.6769690927,71500
2026-05-29,8,010280,3.5787637089,6560
2026-05-29,9,136480,3.5653040877,2890
2026-05-29,10,453340,3.5483549352,16720
2026-05-29,11,003480,3.5423728814,5140
2026-05-29,12,032190,3.5343968096,20100
2026-05-29,13,010770,3.5284147557,4675
2026-05-29,14,012630,3.4895314058,22100
2026-05-29,15,068930,3.4795613161,7930
2026-05-29,16,035600,3.4755732802,10000
2026-05-29,17,100220,3.4675972084,5320
2026-05-29,18,023350,3.442671984,4610
2026-05-29,19,353810,3.4406779661,6370
2026-05-29,20,136490,3.4307078764,9920
2026-05-29,21,015760,3.4297108674,38900
2026-05-29,22,006040,3.3868394816,35500
2026-05-29,23,211050,3.3639082752,9560
2026-05-29,24,004690,3.3459621137,124600
2026-05-29,25,093050,3.3459621137,22500
2026-05-29,26,006120,3.3200398804,49300
2026-05-29,27,005440,3.2921236291,13730
2026-05-29,28,011760,3.2921236291,27650
2026-05-29,29,102260,3.2881355932,3885
2026-05-29,30,036530,3.2632103689,50800
2026-05-29,31,011320,3.2622133599,4465
2026-05-29,32,009970,3.2572283151,191500
2026-05-29,33,126640,3.2537387836,2260
2026-05-29,34,008490,3.2482552343,19960
2026-05-29,35,094970,3.2412761715,2990
2026-05-29,36,111770,3.2382851446,79500
2026-05-29,37,081660,3.2362911266,37450
2026-05-29,38,030200,3.2303090728,52800
2026-05-29,39,002350,3.2193419741,6570
2026-05-29,40,018500,3.2063808574,1530
2026-05-29,41,058650,3.2043868395,156100
2026-05-29,42,009410,3.2033898305,1705
2026-05-29,43,049520,3.2003988036,3805
2026-05-29,44,011560,3.1934197408,22600
2026-05-29,45,036800,3.1904287139,5390
2026-05-29,46,007980,3.1874376869,1792
2026-05-29,47,284740,3.1754735793,22700
2026-05-29,48,267250,3.1704885344,277500
2026-05-29,49,028100,3.1704885344,14610
2026-05-29,50,215360,3.1704885344,8120
2026-05-29,51,005670,3.1645064806,6140
2026-05-29,52,089860,3.1565304088,31250
2026-05-29,53,014580,3.1455633101,4265
2026-05-29,54,461300,3.1385842473,16550
2026-05-29,55,046940,3.1375872383,3755
2026-05-29,56,282330,3.1355932203,124200
2026-05-29,57,051500,3.1306081755,22850
2026-05-29,58,031820,3.1196410768,6750
2026-05-29,59,072710,3.1186440678,91400
2026-05-29,60,000430,3.1006979063,4710
2026-06-30,1,016880,4.112640801,1884
2026-06-30,2,023590,4.0475594493,35600
2026-06-30,3,032190,3.8335419274,18050
2026-06-30,4,071320,3.8097622028,64600
2026-06-30,5,136490,3.7221526909,9230
2026-06-30,6,317400,3.6658322904,4260
2026-06-30,7,012630,3.6445556946,20800
2026-06-30,8,453340,3.6032540676,16560
2026-06-30,9,019540,3.5682102628,5710
2026-06-30,10,353810,3.5444305382,6120
2026-06-30,11,035600,3.5093867334,9440
2026-06-30,12,002900,3.5018773467,6020
2026-06-30,13,011760,3.4981226533,22700
2026-06-30,14,033530,3.4843554443,6000
2026-06-30,15,018670,3.4730913642,209000
2026-06-30,16,006040,3.4342928661,32150
2026-06-30,17,064820,3.4330413016,8860
2026-06-30,18,015760,3.4217772215,37000
2026-06-30,19,036530,3.4180225282,49450
2026-06-30,20,111770,3.4117647059,72600
2026-06-30,21,009410,3.3992490613,1675
2026-06-30,22,004690,3.3967459324,114000
2026-06-30,23,058650,3.3854818523,111800
2026-06-30,24,009970,3.3817271589,163100
2026-06-30,25,006120,3.3679599499,50900
2026-06-30,26,102260,3.3604505632,3540
2026-06-30,27,019180,3.3566958698,6290
2026-06-30,28,093050,3.3304130163,22200
2026-06-30,29,136480,3.3304130163,2660
2026-06-30,30,036800,3.3204005006,5790
2026-06-30,31,267250,3.3153942428,199500
2026-06-30,32,211050,3.2690863579,10060
2026-06-30,33,002350,3.2377972466,6790
2026-06-30,34,030200,3.2352941176,52900
2026-06-30,35,267290,3.2240300375,19150
2026-06-30,36,194700,3.2202753442,12340
2026-06-30,37,381970,3.2140175219,8370
2026-06-30,38,089860,3.2027534418,28100
2026-06-30,39,005440,3.2002503129,15820
2026-06-30,40,028100,3.1989987484,16850
2026-06-30,41,051500,3.1964956195,21900
2026-06-30,42,013310,3.1351689612,2665
2026-06-30,43,009540,3.1226533166,350000
2026-06-30,44,001060,3.1201501877,25700
2026-06-30,45,461300,3.1138923655,16010
2026-06-30,46,117580,3.0951188986,6580
2026-06-30,47,034310,3.0951188986,11180
2026-06-30,48,003350,3.0750938673,8190
2026-06-30,49,011560,3.0663329161,27150
2026-06-30,50,088130,3.0625782228,5430
2026-06-30,51,054210,3.057571965,7370
2026-06-30,52,003620,3.0488110138,2790
2026-06-30,53,000640,3.0375469337,81100
2026-06-30,54,204610,3.0337922403,2740
2026-06-30,55,194370,3.027534418,11120
2026-06-30,56,294870,3.0262828536,17960
2026-06-30,57,259630,3.0212765957,10390
2026-06-30,58,035810,3.0187734668,4195
2026-06-30,59,214320,3.0162703379,18000
2026-06-30,60,009070,3.013767209,4075
2026-07-31,1,023590,3.946403385,36650
2026-07-31,2,071320,3.7644569817,67100
2026-07-31,3,032190,3.6784203103,18770
2026-07-31,4,019180,3.6205923836,5630
2026-07-31,5,136480,3.6205923836,2655
2026-07-31,6,088130,3.601551481,4930
2026-07-31,7,136490,3.5937940762,9510
2026-07-31,8,248170,3.5063469676,22400
2026-07-31,9,009410,3.4964739069,1615
2026-07-31,10,453340,3.4894217207,18080
2026-07-31,11,015760,3.4880112835,34800
2026-07-31,12,012630,3.4555712271,19960
2026-07-31,13,035600,3.4513399154,9620
2026-07-31,14,002900,3.4414668547,5950
2026-07-31,15,011760,3.4047954866,25600
2026-07-31,16,006040,3.3765867419,35400
2026-07-31,17,004690,3.3737658674,118300
2026-07-31,18,259630,3.3695345557,8730
2026-07-31,19,013310,3.3427362482,2520
2026-07-31,20,036530,3.3370944993,49950
2026-07-31,21,044820,3.3300423131,19930
2026-07-31,22,381970,3.3145275035,7380
2026-07-31,23,018670,3.2792665726,223500
2026-07-31,24,054210,3.2686882934,6730
2026-07-31,25,009970,3.2581100141,192000
2026-07-31,26,002350,3.2341325811,6180
2026-07-31,27,064820,3.230606488,7940
2026-07-31,28,008490,3.2256699577,21150
2026-07-31,29,211050,3.2087447109,9990
2026-07-31,30,005440,3.2016925247,11780
2026-07-31,31,267250,3.1932299013,199600
2026-07-31,32,001060,3.1861777151,23500
2026-07-31,33,124500,3.1713681241,21050
2026-07-31,34,111770,3.1565585331,89400
2026-07-31,35,006120,3.1537376587,51500
2026-07-31,36,194370,3.1424541608,12150
2026-07-31,37,030200,3.125528914,51900
2026-07-31,38,037460,3.1177715092,32550
2026-07-31,39,015860,3.1114245416,5700
2026-07-31,40,003650,3.095909732,138400
2026-07-31,41,003620,3.081100141,2840
2026-07-31,42,214320,3.071932299,19030
2026-07-31,43,028100,3.071932299,17400
2026-07-31,44,035810,3.0423131171,4135
2026-07-31,45,194700,3.0380818054,14000
2026-07-31,46,282330,3.0338504937,125000
2026-07-31,47,051360,3.023977433,10550
2026-07-31,48,027710,3.0225669958,1024
2026-07-31,49,035610,3.0211565585,4695
2026-07-31,50,046940,3.0162200282,2790
2026-07-31,51,015750,3.0042313117,5610
2026-07-31,52,034310,3.0014104372,12860
2026-07-31,53,171090,2.990832158,59300
2026-07-31,54,039130,2.9788434415,30650
2026-07-31,55,011560,2.9506346968,20150
2026-07-31,56,009540,2.9492242595,384500
2026-07-31,57,100840,2.9449929478,24900
2026-07-31,58,215200,2.9351198872,40950
2026-07-31,59,000120,2.9351198872,74500
2026-07-31,60,017940,2.9322990127,87900
2026-08-31,1,071320,4.2705718271,76400
2026-08-31,2,023590,3.9944211994,39000
2026-08-31,3,032190,3.760111576,20150
2026-08-31,4,011760,3.6889818689,25650
2026-08-31,5,136490,3.6666666667,10160
2026-08-31,6,009410,3.6206415621,1709
2026-08-31,7,194370,3.5327754533,14090
2026-08-31,8,012630,3.5285913529,22600
2026-08-31,9,035600,3.5048814505,10510
2026-08-31,10,136480,3.4086471409,2685
2026-08-31,11,453340,3.4044630404,18900
2026-08-31,12,017940,3.3960948396,97100
2026-08-31,13,353810,3.3905160391,6830
2026-08-31,14,006040,3.3835425384,38450
2026-08-31,15,211050,3.369595537,10750
2026-08-31,16,267250,3.3682008368,219000
2026-08-31,17,037460,3.3486750349,30800
2026-08-31,18,009970,3.3444909344,168500
2026-08-31,19,004690,3.3012552301,133400
2026-08-31,20,015760,3.2775453278,31900
2026-08-31,21,036800,3.2412831241,7500
2026-08-31,22,093190,3.2329149233,8550
2026-08-31,23,192400,3.2259414226,28000
2026-08-31,24,009540,3.2189679219,348500
2026-08-31,25,461300,3.2133891213,19400
2026-08-31,26,030200,3.2092050209,53400
2026-08-31,27,015860,3.1813110181,6710
2026-08-31,28,111770,3.1813110181,72300
2026-08-31,29,004800,3.1757322176,166800
2026-08-31,30,005440,3.1743375174,11980
2026-08-31,31,003620,3.1652719665,2700
2026-08-31,32,004000,3.1645746165,47800
2026-08-31,33,105630,3.1562064156,8930
2026-08-31,34,019180,3.1548117155,5420
2026-08-31,35,015750,3.1394700139,6060
2026-08-31,36,128660,3.1269177127,3020
2026-08-31,37,012030,3.1073919107,1600
2026-08-31,38,472850,3.1073919107,5360
2026-08-31,39,214320,3.0850767085,19180
2026-08-31,40,093050,3.0753138075,23250
2026-08-31,41,081660,3.069735007,41850
2026-08-31,42,089470,3.0669456067,3955
2026-08-31,43,033500,3.0613668061,18020
2026-08-31,44,046440,3.0516039052,4215
2026-08-31,45,000640,3.050209205,94200
2026-08-31,46,123410,3.040446304,6020
2026-08-31,47,381970,3.0306834031,6370
2026-08-31,48,069620,3.0055788006,127000
2026-08-31,49,000430,2.990237099,4390
2026-08-31,50,161390,2.9832635983,66600
2026-08-31,51,086280,2.9665271967,207500
2026-08-31,52,007690,2.9651324965,38500
2026-08-31,53,213500,2.9344490934,7660
2026-08-31,54,003090,2.9205020921,18040
2026-08-31,55,002810,2.9093444909,22450
2026-08-31,56,035510,2.9051603905,13360
2026-08-31,57,294870,2.880055788,23400
2026-08-31,58,095570,2.8730822873,4420
2026-08-31,59,030000,2.8730822873,19190
2026-08-31,60,030190,2.8661087866,16030
