code,variant,top1,p_top1,confidence,top3,p_반도체,p_2차전지,p_바이오·제약,p_의료기기,p_자동차·부품,p_조선·해운,p_방산·항공,p_건설·건자재,p_화학·소재,p_철강·금속,p_인터넷·게임·콘텐츠,p_금융,p_유통·소비재,p_음식료,p_에너지·유틸리티,p_기타
067170,V1_목록,자동차·부품,0.2191,0.1884,자동차·부품|화학·소재|에너지·유틸리티,0.0134,0.0094,0.0175,0.0654,0.2191,0.0127,0.0091,0.0305,0.189,0.0159,0.0122,0.055,0.0409,0.0198,0.1462,0.144
067170,V2_설명,2차전지,0.4984,0.3346,2차전지|자동차·부품|금융,0.0101,0.4984,0.0064,0.0171,0.1116,0.0061,0.0057,0.0399,0.024,0.009,0.0074,0.0957,0.0262,0.0357,0.0382,0.0683
067170,V3_영어지시,자동차·부품,0.2572,0.1773,자동차·부품|유통·소비재|금융,0.012,0.009,0.0276,0.075,0.2572,0.0172,0.0092,0.028,0.1093,0.0153,0.011,0.1211,0.1574,0.016,0.0791,0.0557
377460,V1_목록,금융,0.6561,0.4891,금융|유통·소비재|기타,0.0185,0.0108,0.0448,0.0099,0.0173,0.0082,0.0077,0.0151,0.0072,0.0061,0.0163,0.6561,0.0983,0.0072,0.0092,0.0672
377460,V2_설명,2차전지,0.4653,0.293,2차전지|유통·소비재|금융,0.014,0.4653,0.0213,0.017,0.0352,0.009,0.0108,0.0423,0.0117,0.0071,0.067,0.097,0.1113,0.0235,0.0206,0.0469
377460,V3_영어지시,금융,0.7464,0.5846,금융|유통·소비재|바이오·제약,0.011,0.0103,0.0321,0.0108,0.0167,0.0086,0.0066,0.0154,0.0045,0.0043,0.0167,0.7464,0.0818,0.0063,0.0075,0.0211
094280,V1_목록,인터넷·게임·콘텐츠,0.2905,0.2314,인터넷·게임·콘텐츠|바이오·제약|건설·건자재,0.045,0.013,0.2224,0.0053,0.0198,0.0164,0.0086,0.1313,0.02,0.0081,0.2905,0.0414,0.07,0.0031,0.0616,0.0434
094280,V2_설명,2차전지,0.3527,0.3056,2차전지|건설·건자재|인터넷·게임·콘텐츠,0.0495,0.3527,0.0298,0.0107,0.0349,0.0203,0.0025,0.2698,0.0035,0.0042,0.1047,0.0216,0.0191,0.0045,0.0552,0.0172
094280,V3_영어지시,바이오·제약,0.2942,0.2402,바이오·제약|인터넷·게임·콘텐츠|건설·건자재,0.0382,0.0147,0.2942,0.0046,0.0174,0.0148,0.0084,0.1016,0.0186,0.0077,0.2398,0.0444,0.0712,0.0031,0.083,0.0383
006110,V1_목록,화학·소재,0.9374,0.8582,화학·소재|기타|금융,0.003,0.0011,0.0048,0.0027,0.0055,0.0068,0.0029,0.0059,0.9374,0.0041,0.0007,0.0074,0.0049,0.0008,0.0038,0.0084
006110,V2_설명,화학·소재,0.8132,0.6669,화학·소재|2차전지|금융,0.0057,0.0338,0.0035,0.0018,0.0063,0.0035,0.0026,0.0115,0.8132,0.0067,0.007,0.0322,0.0106,0.0191,0.0312,0.0112
006110,V3_영어지시,화학·소재,0.9375,0.8596,화학·소재|조선·해운|자동차·부품,0.0027,0.001,0.0066,0.0023,0.0073,0.0093,0.0025,0.0071,0.9375,0.0041,0.0006,0.0058,0.0047,0.0007,0.0021,0.0057
478560,V1_목록,유통·소비재,0.6205,0.4705,유통·소비재|금융|건설·건자재,0.0117,0.0065,0.0266,0.0091,0.0204,0.0073,0.0115,0.0354,0.0196,0.0053,0.0089,0.1545,0.6205,0.0033,0.0282,0.0312
478560,V2_설명,2차전지,0.3571,0.3021,2차전지|유통·소비재|건설·건자재,0.0121,0.3571,0.014,0.0029,0.0434,0.009,0.0128,0.1967,0.0121,0.0069,0.0143,0.0391,0.1977,0.0123,0.0402,0.0295
478560,V3_영어지시,유통·소비재,0.8974,0.8051,유통·소비재|금융|건설·건자재,0.0026,0.0058,0.0095,0.0017,0.0057,0.0015,0.0016,0.0125,0.0036,0.0006,0.0015,0.0417,0.8974,0.0005,0.0094,0.0043
007210,V1_목록,에너지·유틸리티,0.3828,0.4667,에너지·유틸리티|건설·건자재|화학·소재,0.0024,0.004,0.0051,0.0091,0.0012,0.0019,0.0023,0.2926,0.2183,0.0025,0.0012,0.0037,0.0081,0.0055,0.3828,0.0593
007210,V2_설명,건설·건자재,0.9912,0.9777,건설·건자재|기타|2차전지,0.0001,0.0015,0.0001,0.0,0.0,0.0,0.0,0.9912,0.0003,0.0001,0.0001,0.0001,0.0001,0.0001,0.0009,0.0055
007210,V3_영어지시,건설·건자재,0.4205,0.4155,건설·건자재|에너지·유틸리티|화학·소재,0.005,0.0078,0.0119,0.0147,0.0028,0.0038,0.0038,0.4205,0.1444,0.0043,0.0017,0.0071,0.0125,0.0054,0.2452,0.1091
151860,V1_목록,에너지·유틸리티,0.5614,0.4375,에너지·유틸리티|바이오·제약|금융,0.003,0.0056,0.1411,0.0079,0.0152,0.0086,0.0032,0.0155,0.0465,0.0389,0.0011,0.1096,0.0256,0.0018,0.5614,0.0149
151860,V2_설명,에너지·유틸리티,0.4245,0.5673,에너지·유틸리티|금융|바이오·제약,0.0004,0.0314,0.0979,0.0003,0.0034,0.0005,0.0003,0.0018,0.004,0.0059,0.0016,0.423,0.0011,0.0007,0.4245,0.0033
151860,V3_영어지시,에너지·유틸리티,0.4521,0.3862,에너지·유틸리티|금융|바이오·제약,0.0025,0.0042,0.1292,0.0078,0.0256,0.0101,0.0023,0.0166,0.0425,0.0357,0.0014,0.2208,0.0342,0.002,0.4521,0.0129
086060,V1_목록,금융,0.7927,0.7191,금융|바이오·제약|유통·소비재,0.0013,0.0041,0.1235,0.0025,0.0011,0.001,0.0009,0.0009,0.0126,0.0006,0.0004,0.7927,0.0491,0.0017,0.0022,0.0052
086060,V2_설명,바이오·제약,0.8627,0.7615,바이오·제약|2차전지|금융,0.0017,0.0653,0.8627,0.0017,0.0012,0.0022,0.0035,0.0069,0.0068,0.0007,0.0029,0.0192,0.0057,0.0035,0.0066,0.0093
086060,V3_영어지시,금융,0.5435,0.6176,금융|바이오·제약|유통·소비재,0.0015,0.0055,0.3659,0.0027,0.0017,0.0014,0.001,0.0015,0.0105,0.0008,0.0004,0.5435,0.0532,0.0016,0.0027,0.0063
028670,V1_목록,에너지·유틸리티,0.9278,0.8749,에너지·유틸리티|바이오·제약|금융,0.0014,0.0032,0.0526,0.0008,0.0005,0.0007,0.0003,0.0004,0.0015,0.0001,0.0009,0.0046,0.002,0.001,0.9278,0.002
028670,V2_설명,금융,0.5125,0.3861,금융|2차전지|기타,0.0074,0.1528,0.0114,0.0032,0.0253,0.0331,0.0052,0.0083,0.0368,0.0033,0.0083,0.5125,0.0354,0.0062,0.0323,0.1183
028670,V3_영어지시,에너지·유틸리티,0.9024,0.8278,에너지·유틸리티|바이오·제약|금융,0.002,0.0032,0.0547,0.0013,0.0014,0.0019,0.0008,0.0014,0.0034,0.0004,0.001,0.0169,0.0042,0.0015,0.9024,0.0035
039980,V1_목록,유통·소비재,0.9762,0.9396,유통·소비재|기타|조선·해운,0.0032,0.0014,0.0027,0.0003,0.0006,0.0033,0.0006,0.0015,0.0004,0.0004,0.0003,0.0032,0.9762,0.0004,0.0004,0.0051
039980,V2_설명,유통·소비재,0.8698,0.7966,유통·소비재|2차전지|기타,0.001,0.088,0.003,0.0008,0.0013,0.0053,0.001,0.0086,0.0015,0.0009,0.0011,0.0024,0.8698,0.0023,0.0023,0.0109
039980,V3_영어지시,유통·소비재,0.959,0.9065,유통·소비재|바이오·제약|조선·해운,0.0033,0.0015,0.0115,0.0005,0.0013,0.0067,0.0007,0.002,0.0004,0.0005,0.0004,0.006,0.959,0.0005,0.0005,0.0052
119830,V1_목록,금융,0.6596,0.5863,금융|화학·소재|바이오·제약,0.0194,0.0038,0.0316,0.0047,0.0049,0.0024,0.0017,0.0101,0.2161,0.0017,0.0156,0.6596,0.0083,0.0018,0.0062,0.012
119830,V2_설명,화학·소재,0.5548,0.4568,화학·소재|금융|2차전지,0.0151,0.1441,0.012,0.0034,0.0055,0.0059,0.0025,0.0097,0.5548,0.0023,0.0124,0.1588,0.0138,0.0082,0.033,0.0183
119830,V3_영어지시,화학·소재,0.4189,0.4066,화학·소재|금융|바이오·제약,0.0301,0.0063,0.0753,0.0092,0.0111,0.0066,0.0039,0.0392,0.4189,0.0026,0.0197,0.3252,0.0177,0.0027,0.0098,0.0215
009770,V1_목록,유통·소비재,0.3993,0.3044,유통·소비재|화학·소재|금융,0.0153,0.0089,0.1196,0.0173,0.0086,0.0146,0.0076,0.0154,0.1425,0.0108,0.0022,0.1296,0.3993,0.0049,0.0729,0.0306
009770,V2_설명,화학·소재,0.6188,0.532,화학·소재|2차전지|에너지·유틸리티,0.0032,0.2061,0.0087,0.0018,0.0045,0.0049,0.0028,0.011,0.6188,0.0045,0.0034,0.0169,0.0462,0.01,0.0493,0.008
009770,V3_영어지시,바이오·제약,0.4554,0.3825,바이오·제약|유통·소비재|에너지·유틸리티,0.0075,0.0076,0.4554,0.0178,0.0065,0.0117,0.0037,0.0078,0.0596,0.0064,0.0012,0.0649,0.2041,0.0029,0.1219,0.0212
095340,V1_목록,금융,0.6349,0.4497,금융|화학·소재|반도체,0.0526,0.0087,0.0141,0.0104,0.0286,0.004,0.0057,0.0358,0.0826,0.0091,0.04,0.6349,0.0185,0.0042,0.0249,0.0259
095340,V2_설명,인터넷·게임·콘텐츠,0.3564,0.3849,인터넷·게임·콘텐츠|2차전지|에너지·유틸리티,0.01,0.3094,0.0132,0.0028,0.0037,0.0019,0.0086,0.0736,0.0356,0.0082,0.3564,0.0049,0.0056,0.0061,0.1441,0.0159
095340,V3_영어지시,금융,0.2222,0.1624,금융|화학·소재|반도체,0.1102,0.0185,0.0404,0.0192,0.0622,0.0086,0.0085,0.0875,0.204,0.0124,0.0729,0.2222,0.0252,0.0069,0.0459,0.0555
024110,V1_목록,금융,0.9971,0.9906,금융|건설·건자재|바이오·제약,0.0001,0.0002,0.0005,0.0001,0.0001,0.0001,0.0001,0.0006,0.0,0.0,0.0001,0.9971,0.0004,0.0,0.0001,0.0005
024110,V2_설명,금융,1.0,0.9998,금융|반도체|2차전지,0.0,0.0,0.0,0.0,0.0,0.0,0.0,0.0,0.0,0.0,0.0,1.0,0.0,0.0,0.0,0.0
024110,V3_영어지시,금융,0.9955,0.9857,금융|바이오·제약|건설·건자재,0.0001,0.0006,0.0007,0.0001,0.0002,0.0002,0.0001,0.0007,0.0,0.0001,0.0002,0.9955,0.0007,0.0,0.0001,0.0006
078130,V1_목록,화학·소재,0.9893,0.9707,화학·소재|건설·건자재|바이오·제약,0.0005,0.0004,0.0013,0.0008,0.0003,0.0004,0.0001,0.0044,0.9893,0.0001,0.0001,0.0008,0.0006,0.0001,0.0005,0.0004
078130,V2_설명,화학·소재,0.762,0.6413,화학·소재|2차전지|유통·소비재,0.0029,0.1195,0.0062,0.0059,0.0045,0.0038,0.0011,0.0135,0.762,0.0014,0.0052,0.0146,0.0248,0.0113,0.014,0.0091
078130,V3_영어지시,화학·소재,0.985,0.9607,화학·소재|건설·건자재|바이오·제약,0.0006,0.0005,0.0022,0.001,0.0004,0.0006,0.0002,0.0062,0.985,0.0001,0.0001,0.001,0.0009,0.0001,0.0006,0.0004
366030,V1_목록,인터넷·게임·콘텐츠,0.399,0.4043,인터넷·게임·콘텐츠|유통·소비재|금융,0.0042,0.0051,0.1445,0.0024,0.0022,0.004,0.0038,0.0267,0.0024,0.0025,0.399,0.1469,0.2169,0.0022,0.0023,0.0349
366030,V2_설명,인터넷·게임·콘텐츠,0.5777,0.5084,인터넷·게임·콘텐츠|2차전지|유통·소비재,0.0041,0.2147,0.0138,0.0029,0.0037,0.0024,0.0025,0.0124,0.0032,0.0024,0.5777,0.0377,0.0932,0.012,0.0071,0.01
366030,V3_영어지시,인터넷·게임·콘텐츠,0.3918,0.3796,인터넷·게임·콘텐츠|유통·소비재|금융,0.0047,0.0064,0.1071,0.003,0.003,0.0051,0.0048,0.0561,0.0032,0.0031,0.3918,0.1285,0.236,0.0029,0.0032,0.0411
318060,V1_목록,화학·소재,0.4021,0.223,화학·소재|바이오·제약|기타,0.0534,0.0525,0.1007,0.0338,0.0151,0.0119,0.0197,0.0349,0.4021,0.0444,0.0092,0.0613,0.047,0.0066,0.0202,0.0873
318060,V2_설명,2차전지,0.6952,0.5076,2차전지|화학·소재|유통·소비재,0.0334,0.6952,0.0159,0.0067,0.0094,0.0047,0.0032,0.0139,0.06,0.0167,0.0204,0.0161,0.0439,0.0123,0.0185,0.0297
318060,V3_영어지시,화학·소재,0.3227,0.1869,화학·소재|바이오·제약|금융,0.0468,0.0867,0.1549,0.0356,0.0146,0.0121,0.0208,0.031,0.3227,0.0323,0.0145,0.0894,0.0323,0.0061,0.0316,0.0687
051780,V1_목록,금융,0.3566,0.215,금융|바이오·제약|유통·소비재,0.0204,0.0128,0.143,0.0365,0.017,0.0247,0.0112,0.0147,0.1,0.011,0.0315,0.3566,0.1007,0.0458,0.025,0.0491
051780,V2_설명,에너지·유틸리티,0.436,0.3877,에너지·유틸리티|2차전지|음식료,0.0046,0.2612,0.011,0.0046,0.0145,0.005,0.0046,0.0063,0.01,0.0047,0.023,0.0328,0.0639,0.1035,0.436,0.0142
051780,V3_영어지시,금융,0.3574,0.2127,금융|바이오·제약|화학·소재,0.018,0.012,0.166,0.0338,0.023,0.0351,0.0115,0.0317,0.0994,0.0104,0.0335,0.3574,0.0701,0.0332,0.0278,0.0372
472850,V1_목록,유통·소비재,0.9386,0.8773,유통·소비재|바이오·제약|금융,0.002,0.0019,0.0252,0.0014,0.0004,0.0023,0.0007,0.0008,0.0016,0.0004,0.0011,0.0176,0.9386,0.0004,0.0007,0.005
472850,V2_설명,2차전지,0.4687,0.5352,2차전지|유통·소비재|음식료,0.0026,0.4687,0.0126,0.0183,0.0064,0.003,0.003,0.0052,0.0038,0.0022,0.0174,0.0095,0.4047,0.0185,0.0139,0.0102
472850,V3_영어지시,유통·소비재,0.8854,0.8203,유통·소비재|바이오·제약|금융,0.0024,0.0023,0.0767,0.0019,0.0004,0.0021,0.0006,0.0006,0.0014,0.0003,0.0011,0.019,0.8854,0.0004,0.0008,0.0045
064350,V1_목록,철강·금속,0.4165,0.2527,철강·금속|건설·건자재|자동차·부품,0.0195,0.0116,0.0522,0.0313,0.0861,0.0134,0.0084,0.1327,0.0202,0.4165,0.0264,0.0385,0.0753,0.005,0.0319,0.031
064350,V2_설명,철강·금속,0.3511,0.2872,철강·금속|건설·건자재|자동차·부품,0.0314,0.1289,0.0184,0.0089,0.1379,0.0089,0.0033,0.1918,0.0119,0.3511,0.027,0.0134,0.0343,0.0072,0.0168,0.0089
064350,V3_영어지시,철강·금속,0.4442,0.2921,철강·금속|건설·건자재|유통·소비재,0.0131,0.0086,0.0335,0.0283,0.0502,0.0094,0.0054,0.1201,0.0134,0.4442,0.013,0.0917,0.0926,0.0044,0.0477,0.0243
241840,V1_목록,인터넷·게임·콘텐츠,0.4809,0.3735,인터넷·게임·콘텐츠|금융|유통·소비재,0.0087,0.0145,0.0563,0.007,0.007,0.0069,0.0121,0.0089,0.0081,0.0077,0.4809,0.1991,0.091,0.0105,0.0298,0.0514
241840,V2_설명,2차전지,0.6743,0.541,2차전지|인터넷·게임·콘텐츠|에너지·유틸리티,0.0041,0.6743,0.0298,0.0044,0.0054,0.0037,0.0048,0.0053,0.0039,0.0048,0.1428,0.0154,0.0233,0.016,0.0433,0.0188
241840,V3_영어지시,인터넷·게임·콘텐츠,0.6229,0.4698,인터넷·게임·콘텐츠|금융|유통·소비재,0.0069,0.0131,0.0418,0.0049,0.0051,0.0049,0.0126,0.0099,0.0064,0.0055,0.6229,0.1288,0.0573,0.0117,0.0335,0.0346
039020,V1_목록,금융,0.9998,0.9991,금융|반도체|2차전지,0.0,0.0,0.0,0.0,0.0,0.0,0.0,0.0,0.0,0.0,0.0,0.9998,0.0,0.0,0.0,0.0
039020,V2_설명,금융,0.605,0.525,금융|2차전지|에너지·유틸리티,0.0035,0.2222,0.0049,0.0026,0.0144,0.0038,0.0024,0.0134,0.0081,0.0036,0.01,0.605,0.0136,0.005,0.0507,0.0367
039020,V3_영어지시,금융,0.9594,0.9053,금융|화학·소재|유통·소비재,0.0007,0.0016,0.0016,0.0015,0.0011,0.0016,0.0005,0.0036,0.0102,0.004,0.0004,0.9594,0.0069,0.0002,0.0049,0.0018
008250,V1_목록,건설·건자재,0.9904,0.9765,건설·건자재|에너지·유틸리티|화학·소재,0.0,0.0001,0.0004,0.0,0.0,0.0001,0.0,0.9904,0.0012,0.0,0.0,0.0002,0.0002,0.0001,0.0068,0.0002
008250,V2_설명,건설·건자재,0.9411,0.8822,건설·건자재|에너지·유틸리티|바이오·제약,0.0002,0.0071,0.0099,0.0002,0.0001,0.0005,0.0001,0.9411,0.0025,0.0007,0.0023,0.001,0.0034,0.0009,0.0278,0.0019
008250,V3_영어지시,건설·건자재,0.9531,0.9047,건설·건자재|에너지·유틸리티|화학·소재,0.0004,0.0005,0.0029,0.0004,0.0002,0.0014,0.0004,0.9531,0.0066,0.0003,0.0002,0.0018,0.0032,0.0005,0.0266,0.0016
069920,V1_목록,금융,0.6221,0.6474,금융|건설·건자재|바이오·제약,0.0026,0.0017,0.0128,0.0057,0.0056,0.0018,0.0009,0.3161,0.0026,0.0014,0.0062,0.6221,0.0095,0.0013,0.0028,0.0069
069920,V2_설명,2차전지,0.3404,0.2118,2차전지|금융|자동차·부품,0.0081,0.3404,0.0121,0.017,0.0861,0.0048,0.0067,0.0692,0.0255,0.0104,0.0696,0.1473,0.081,0.0368,0.0379,0.047
069920,V3_영어지시,건설·건자재,0.5385,0.4099,건설·건자재|금융|바이오·제약,0.0092,0.0055,0.0717,0.0179,0.0612,0.0067,0.0027,0.5385,0.0087,0.0031,0.0564,0.1586,0.0316,0.0029,0.0098,0.0154
024800,V1_목록,철강·금속,0.958,0.9094,철강·금속|유통·소비재|화학·소재,0.0005,0.0006,0.0005,0.0002,0.0008,0.0029,0.0002,0.0042,0.0065,0.958,0.0001,0.0065,0.0171,0.0001,0.0008,0.0009
024800,V2_설명,2차전지,0.4028,0.3576,2차전지|화학·소재|유통·소비재,0.0053,0.4028,0.0157,0.0028,0.0259,0.0074,0.0056,0.0302,0.2986,0.0158,0.0062,0.023,0.0748,0.0209,0.0414,0.0236
024800,V3_영어지시,유통·소비재,0.9482,0.8916,유통·소비재|철강·금속|금융,0.0015,0.0009,0.0011,0.0003,0.0011,0.0049,0.0004,0.0041,0.0018,0.0189,0.0001,0.0143,0.9482,0.0001,0.0009,0.0014
006730,V1_목록,유통·소비재,0.6377,0.55,유통·소비재|금융|건설·건자재,0.0137,0.0045,0.0654,0.0027,0.0021,0.0091,0.0022,0.0717,0.0015,0.0039,0.0032,0.1662,0.6377,0.002,0.0016,0.0125
006730,V2_설명,2차전지,0.4363,0.321,2차전지|유통·소비재|건설·건자재,0.0115,0.4363,0.015,0.005,0.0125,0.0062,0.0047,0.1185,0.0049,0.007,0.0879,0.0832,0.1315,0.0211,0.0111,0.0436
006730,V3_영어지시,유통·소비재,0.6377,0.5493,유통·소비재|건설·건자재|금융,0.0145,0.0037,0.0504,0.0023,0.0022,0.0088,0.0017,0.1346,0.0011,0.0048,0.0032,0.1195,0.6377,0.0017,0.0014,0.0124
033560,V1_목록,화학·소재,0.4754,0.4583,화학·소재|반도체|유통·소비재,0.2381,0.0025,0.042,0.0061,0.0045,0.0019,0.0013,0.0023,0.4754,0.0033,0.0053,0.0678,0.1368,0.0021,0.0035,0.0071
033560,V2_설명,2차전지,0.3553,0.3526,2차전지|반도체|유통·소비재,0.2445,0.3553,0.0122,0.0026,0.0244,0.0038,0.0027,0.0047,0.0121,0.0034,0.0207,0.0295,0.2039,0.0321,0.0391,0.0088
033560,V3_영어지시,화학·소재,0.4276,0.4276,화학·소재|유통·소비재|바이오·제약,0.0814,0.0022,0.1337,0.0052,0.0064,0.0023,0.0015,0.0033,0.4276,0.003,0.0051,0.0653,0.251,0.0021,0.0044,0.0054
030960,V1_목록,바이오·제약,0.2662,0.2244,바이오·제약|금융|유통·소비재,0.0126,0.0726,0.2662,0.0139,0.0039,0.0211,0.0127,0.0214,0.0875,0.0087,0.0379,0.2079,0.1507,0.0071,0.0111,0.0647
030960,V2_설명,2차전지,0.7103,0.553,2차전지|유통·소비재|인터넷·게임·콘텐츠,0.0048,0.7103,0.0197,0.0049,0.0027,0.004,0.0124,0.0093,0.0078,0.0068,0.0374,0.0252,0.0995,0.0072,0.0209,0.0271
030960,V3_영어지시,바이오·제약,0.2438,0.2339,바이오·제약|금융|유통·소비재,0.0102,0.0541,0.2438,0.0113,0.0047,0.0254,0.0126,0.026,0.078,0.0079,0.0309,0.2142,0.201,0.007,0.0126,0.0605
067280,V1_목록,건설·건자재,0.1384,0.117,건설·건자재|유통·소비재|인터넷·게임·콘텐츠,0.0535,0.0337,0.0306,0.0597,0.1194,0.0092,0.0099,0.1384,0.0824,0.0139,0.1344,0.0204,0.135,0.0125,0.0237,0.1234
067280,V2_설명,2차전지,0.7569,0.5914,2차전지|건설·건자재|기타,0.0078,0.7569,0.0053,0.005,0.0234,0.0032,0.0032,0.0477,0.0148,0.0057,0.03,0.0062,0.0058,0.0247,0.0255,0.035
067280,V3_영어지시,인터넷·게임·콘텐츠,0.1562,0.0986,인터넷·게임·콘텐츠|유통·소비재|건설·건자재,0.0483,0.0511,0.0384,0.0955,0.1004,0.0091,0.0092,0.1053,0.0639,0.0133,0.1562,0.028,0.1338,0.019,0.0272,0.1014
126720,V1_목록,에너지·유틸리티,0.3178,0.2369,에너지·유틸리티|건설·건자재|바이오·제약,0.0153,0.017,0.0658,0.0297,0.0492,0.017,0.0158,0.2617,0.0271,0.009,0.0269,0.0473,0.0586,0.0077,0.3178,0.034
126720,V2_설명,에너지·유틸리티,0.2611,0.1968,에너지·유틸리티|2차전지|건설·건자재,0.0268,0.2273,0.0335,0.069,0.0135,0.0256,0.0141,0.1092,0.0823,0.0075,0.0177,0.0176,0.0179,0.0138,0.2611,0.0627
126720,V3_영어지시,에너지·유틸리티,0.3448,0.2547,에너지·유틸리티|건설·건자재|바이오·제약,0.0125,0.0172,0.0958,0.031,0.048,0.0151,0.0145,0.2438,0.0254,0.0075,0.0293,0.0326,0.0423,0.0078,0.3448,0.0325
010040,V1_목록,건설·건자재,0.9993,0.9974,건설·건자재|화학·소재|금융,0.0,0.0,0.0,0.0,0.0,0.0,0.0,0.9993,0.0002,0.0,0.0,0.0001,0.0001,0.0,0.0,0.0001
010040,V2_설명,건설·건자재,0.9851,0.9656,건설·건자재|2차전지|기타,0.0001,0.0107,0.0001,0.0001,0.0001,0.0001,0.0001,0.9851,0.0006,0.0001,0.0001,0.0005,0.0006,0.0001,0.0004,0.0009
010040,V3_영어지시,건설·건자재,0.9906,0.973,건설·건자재|화학·소재|유통·소비재,0.0002,0.0002,0.0004,0.0002,0.0003,0.001,0.0002,0.9906,0.0021,0.0003,0.0002,0.0013,0.0014,0.0001,0.0002,0.0014
020400,V1_목록,철강·금속,1.0,1.0,철강·금속|반도체|2차전지,0.0,0.0,0.0,0.0,0.0,0.0,0.0,0.0,0.0,1.0,0.0,0.0,0.0,0.0,0.0,0.0
020400,V2_설명,철강·금속,0.9544,0.9182,철강·금속|2차전지|에너지·유틸리티,0.0003,0.0366,0.0001,0.0001,0.0019,0.0001,0.0001,0.0002,0.0002,0.9544,0.0001,0.0005,0.0011,0.0003,0.0024,0.0016
020400,V3_영어지시,철강·금속,1.0,1.0,철강·금속|반도체|2차전지,0.0,0.0,0.0,0.0,0.0,0.0,0.0,0.0,0.0,1.0,0.0,0.0,0.0,0.0,0.0,0.0
079980,V1_목록,화학·소재,0.9556,0.9024,화학·소재|유통·소비재|금융,0.0016,0.0004,0.0045,0.0016,0.0013,0.0013,0.0005,0.0012,0.9556,0.0021,0.0003,0.0083,0.0178,0.0002,0.0016,0.0015
079980,V2_설명,2차전지,0.2786,0.1867,2차전지|화학·소재|유통·소비재,0.0554,0.2786,0.0415,0.0112,0.0403,0.0288,0.0051,0.016,0.2026,0.012,0.0129,0.0646,0.1055,0.0634,0.0178,0.0445
079980,V3_영어지시,화학·소재,0.9101,0.8304,화학·소재|유통·소비재|금융,0.0025,0.0007,0.0097,0.003,0.0026,0.0024,0.0008,0.0018,0.9101,0.0035,0.0006,0.017,0.0399,0.0005,0.0025,0.0024
353590,V1_목록,바이오·제약,0.3696,0.3558,바이오·제약|유통·소비재|인터넷·게임·콘텐츠,0.0189,0.0763,0.3696,0.0061,0.0196,0.0019,0.0052,0.0084,0.0031,0.004,0.1852,0.0415,0.2258,0.0019,0.006,0.0265
353590,V2_설명,인터넷·게임·콘텐츠,0.6846,0.5984,인터넷·게임·콘텐츠|유통·소비재|2차전지,0.0033,0.081,0.0473,0.0023,0.012,0.0005,0.0034,0.0021,0.0007,0.0009,0.6846,0.005,0.1445,0.0015,0.0059,0.0052
353590,V3_영어지시,바이오·제약,0.4325,0.3883,바이오·제약|유통·소비재|인터넷·게임·콘텐츠,0.0124,0.05,0.4325,0.0047,0.0317,0.002,0.0046,0.0083,0.0029,0.004,0.1835,0.0372,0.1961,0.0016,0.0056,0.0229
383220,V1_목록,금융,0.9682,0.9319,금융|바이오·제약|인터넷·게임·콘텐츠,0.0007,0.0003,0.0183,0.0011,0.0004,0.0002,0.0002,0.0006,0.0005,0.0002,0.0056,0.9682,0.0028,0.0002,0.0002,0.0005
383220,V2_설명,2차전지,0.5936,0.434,2차전지|금융|유통·소비재,0.0073,0.5936,0.017,0.0103,0.0148,0.0075,0.0063,0.0136,0.0089,0.0059,0.0402,0.1427,0.052,0.0358,0.0145,0.0296
383220,V3_영어지시,금융,0.948,0.8942,금융|바이오·제약|인터넷·게임·콘텐츠,0.0012,0.0006,0.0261,0.0023,0.0011,0.0005,0.0005,0.0021,0.0008,0.0004,0.0095,0.948,0.005,0.0004,0.0004,0.0009
174900,V1_목록,화학·소재,0.9946,0.984,화학·소재|바이오·제약|유통·소비재,0.0001,0.0001,0.0018,0.0002,0.0001,0.0001,0.0001,0.0002,0.9946,0.0001,0.0002,0.0003,0.0009,0.0001,0.0003,0.0009
174900,V2_설명,화학·소재,0.5171,0.3821,화학·소재|기타|유통·소비재,0.0069,0.0407,0.0771,0.0116,0.0051,0.0049,0.0057,0.0095,0.5171,0.0049,0.0179,0.0194,0.0882,0.0162,0.0247,0.1501
174900,V3_영어지시,화학·소재,0.9739,0.9385,화학·소재|바이오·제약|유통·소비재,0.004,0.0004,0.0102,0.0006,0.0002,0.0003,0.0003,0.0011,0.9739,0.0002,0.0005,0.0017,0.0049,0.0002,0.0006,0.001
032080,V1_목록,바이오·제약,0.5928,0.4374,바이오·제약|금융|2차전지,0.0587,0.083,0.5928,0.0067,0.0067,0.0106,0.0104,0.0096,0.0172,0.0065,0.0049,0.0914,0.0649,0.0018,0.0062,0.0286
032080,V2_설명,2차전지,0.6555,0.468,2차전지|금융|유통·소비재,0.0147,0.6555,0.0293,0.0048,0.0192,0.009,0.0039,0.0443,0.0174,0.0052,0.0213,0.0665,0.0555,0.0064,0.0233,0.0235
032080,V3_영어지시,바이오·제약,0.4118,0.2781,바이오·제약|금융|반도체,0.1034,0.0821,0.4118,0.0138,0.0124,0.0179,0.018,0.0207,0.0228,0.0097,0.0106,0.1372,0.0846,0.0033,0.0098,0.0419
063440,V1_목록,유통·소비재,0.3795,0.2355,유통·소비재|음식료|바이오·제약,0.0306,0.0547,0.1025,0.008,0.0078,0.0169,0.0161,0.0335,0.0109,0.0085,0.052,0.0101,0.3795,0.1203,0.0574,0.0912
063440,V2_설명,유통·소비재,0.9245,0.8839,유통·소비재|2차전지|인터넷·게임·콘텐츠,0.0004,0.0648,0.0013,0.0002,0.0002,0.0002,0.0004,0.0008,0.0002,0.0001,0.0029,0.0001,0.9245,0.0011,0.0012,0.0015
063440,V3_영어지시,유통·소비재,0.2482,0.1698,유통·소비재|기타|음식료,0.0282,0.0924,0.0996,0.0094,0.0093,0.0214,0.0165,0.0331,0.0119,0.0096,0.0652,0.0149,0.2482,0.1042,0.0671,0.169
002780,V1_목록,건설·건자재,0.9474,0.8922,건설·건자재|금융|조선·해운,0.001,0.0023,0.0008,0.0005,0.0011,0.0042,0.0006,0.9474,0.0017,0.0012,0.0005,0.029,0.002,0.0005,0.0029,0.0042
002780,V2_설명,건설·건자재,0.9597,0.9175,건설·건자재|2차전지|금융,0.0005,0.0242,0.0002,0.0002,0.0006,0.0005,0.0002,0.9597,0.001,0.0008,0.0002,0.0063,0.0007,0.0006,0.003,0.0013
002780,V3_영어지시,건설·건자재,0.9892,0.9727,건설·건자재|금융|조선·해운,0.0002,0.0005,0.0002,0.0001,0.0001,0.0007,0.0001,0.9892,0.0002,0.0002,0.0001,0.0069,0.0006,0.0001,0.0003,0.0006
085310,V1_목록,철강·금속,0.6335,0.5833,철강·금속|에너지·유틸리티|화학·소재,0.0026,0.0022,0.0033,0.0022,0.0066,0.0063,0.0055,0.0129,0.0296,0.6335,0.0013,0.0122,0.0079,0.0014,0.2461,0.0263
085310,V2_설명,자동차·부품,0.3635,0.2933,자동차·부품|2차전지|에너지·유틸리티,0.0083,0.1907,0.0042,0.0038,0.3635,0.0436,0.039,0.0249,0.0246,0.0118,0.0085,0.0469,0.0115,0.0098,0.1794,0.0294
085310,V3_영어지시,에너지·유틸리티,0.4344,0.5011,에너지·유틸리티|철강·금속|화학·소재,0.0036,0.0035,0.0058,0.0039,0.0111,0.0117,0.0053,0.0198,0.0394,0.407,0.0015,0.018,0.0127,0.0019,0.4344,0.0203
035420,V1_목록,인터넷·게임·콘텐츠,1.0,1.0,인터넷·게임·콘텐츠|반도체|2차전지,0.0,0.0,0.0,0.0,0.0,0.0,0.0,0.0,0.0,0.0,1.0,0.0,0.0,0.0,0.0,0.0
035420,V2_설명,인터넷·게임·콘텐츠,0.9882,0.9705,인터넷·게임·콘텐츠|에너지·유틸리티|2차전지,0.0002,0.0036,0.002,0.0001,0.0001,0.0,0.0,0.0002,0.0,0.0,0.9882,0.0002,0.0001,0.0001,0.0048,0.0003
035420,V3_영어지시,인터넷·게임·콘텐츠,1.0,1.0,인터넷·게임·콘텐츠|반도체|2차전지,0.0,0.0,0.0,0.0,0.0,0.0,0.0,0.0,0.0,0.0,1.0,0.0,0.0,0.0,0.0,0.0
333620,V1_목록,화학·소재,0.1875,0.1544,화학·소재|2차전지|에너지·유틸리티,0.0163,0.1843,0.0267,0.0301,0.0843,0.0077,0.009,0.0939,0.1875,0.0265,0.0115,0.042,0.0593,0.0095,0.1592,0.0523
333620,V2_설명,화학·소재,0.581,0.4577,화학·소재|2차전지|에너지·유틸리티,0.0035,0.1577,0.0138,0.0135,0.014,0.002,0.0018,0.0591,0.581,0.0077,0.006,0.0071,0.0097,0.0167,0.0846,0.0218
333620,V3_영어지시,에너지·유틸리티,0.1509,0.1234,에너지·유틸리티|건설·건자재|자동차·부품,0.0139,0.1019,0.0569,0.0332,0.1287,0.0091,0.0084,0.141,0.1099,0.0224,0.0097,0.0658,0.0936,0.0073,0.1509,0.0476
036800,V1_목록,금융,0.9949,0.9846,금융|인터넷·게임·콘텐츠|바이오·제약,0.0001,0.0001,0.001,0.0001,0.0002,0.0001,0.0001,0.0002,0.0001,0.0,0.0018,0.9949,0.0007,0.0,0.0002,0.0004
036800,V2_설명,금융,0.3935,0.4927,금융|인터넷·게임·콘텐츠|2차전지,0.0087,0.1355,0.0117,0.0022,0.0167,0.0077,0.0044,0.006,0.0024,0.0014,0.3873,0.3935,0.0026,0.0023,0.0134,0.0041
036800,V3_영어지시,금융,0.9939,0.9816,금융|바이오·제약|인터넷·게임·콘텐츠,0.0001,0.0001,0.0014,0.0002,0.0004,0.0002,0.0001,0.0003,0.0002,0.0001,0.0012,0.9939,0.0012,0.0,0.0003,0.0005
084680,V1_목록,금융,0.9408,0.8719,금융|유통·소비재|기타,0.0034,0.0015,0.0036,0.0018,0.0028,0.0031,0.0012,0.0033,0.0012,0.0015,0.002,0.9408,0.0225,0.0012,0.0026,0.0073
084680,V2_설명,2차전지,0.3865,0.4346,2차전지|기타|금융,0.0033,0.3865,0.0037,0.0031,0.0087,0.0036,0.003,0.0066,0.0032,0.0043,0.014,0.1015,0.0959,0.0139,0.0098,0.3388
084680,V3_영어지시,금융,0.8974,0.805,금융|유통·소비재|기타,0.0041,0.002,0.0064,0.0033,0.0053,0.0053,0.0017,0.0051,0.0017,0.0022,0.003,0.8974,0.0463,0.0016,0.0038,0.0109
032860,V1_목록,화학·소재,0.5497,0.5005,화학·소재|금융|유통·소비재,0.0045,0.0057,0.0323,0.0033,0.0018,0.0056,0.0033,0.0351,0.5497,0.0097,0.006,0.2682,0.0489,0.0029,0.0126,0.0105
032860,V2_설명,2차전지,0.4923,0.3918,2차전지|유통·소비재|금융,0.0051,0.4923,0.0123,0.0071,0.0034,0.0073,0.0079,0.0109,0.0815,0.0065,0.013,0.1095,0.1838,0.0237,0.0133,0.0224
032860,V3_영어지시,금융,0.3883,0.3342,금융|화학·소재|건설·건자재,0.0084,0.0127,0.0659,0.006,0.0035,0.0084,0.0057,0.13,0.1931,0.0106,0.0087,0.3883,0.1231,0.0042,0.0164,0.0151
339950,V1_목록,반도체,0.1597,0.1125,반도체|기타|금융,0.1597,0.0714,0.1147,0.046,0.0187,0.016,0.049,0.035,0.0125,0.012,0.083,0.1189,0.0856,0.0149,0.014,0.1486
339950,V2_설명,2차전지,0.6978,0.5583,2차전지|인터넷·게임·콘텐츠|기타,0.0095,0.6978,0.005,0.0035,0.0057,0.0034,0.0071,0.0143,0.0035,0.0095,0.1061,0.0185,0.0096,0.0116,0.0158,0.079
339950,V3_영어지시,기타,0.1836,0.134,기타|금융|유통·소비재,0.0963,0.0572,0.104,0.046,0.0148,0.0129,0.0307,0.0452,0.0118,0.0104,0.067,0.1696,0.1223,0.0113,0.0168,0.1836
054050,V1_목록,바이오·제약,1.0,1.0,바이오·제약|반도체|2차전지,0.0,0.0,1.0,0.0,0.0,0.0,0.0,0.0,0.0,0.0,0.0,0.0,0.0,0.0,0.0,0.0
054050,V2_설명,바이오·제약,0.9978,0.9929,바이오·제약|화학·소재|유통·소비재,0.0,0.0005,0.9978,0.0,0.0,0.0,0.0,0.0,0.0006,0.0,0.0,0.0001,0.0006,0.0002,0.0,0.0001
054050,V3_영어지시,바이오·제약,1.0,1.0,바이오·제약|반도체|2차전지,0.0,0.0,1.0,0.0,0.0,0.0,0.0,0.0,0.0,0.0,0.0,0.0,0.0,0.0,0.0,0.0
067900,V1_목록,금융,0.341,0.2462,금융|화학·소재|유통·소비재,0.0325,0.0065,0.0584,0.0108,0.0263,0.0196,0.007,0.0859,0.1643,0.012,0.0028,0.341,0.1349,0.0049,0.0568,0.0364
067900,V2_설명,2차전지,0.4003,0.3641,2차전지|금융|화학·소재,0.0063,0.4003,0.0075,0.0043,0.0172,0.0097,0.004,0.0334,0.0726,0.0054,0.0071,0.2993,0.0461,0.0196,0.0492,0.0181
067900,V3_영어지시,금융,0.2894,0.2236,금융|유통·소비재|화학·소재,0.0401,0.0066,0.1058,0.0102,0.0372,0.0183,0.0061,0.0838,0.1394,0.0084,0.0023,0.2894,0.164,0.004,0.0511,0.0333
415380,V1_목록,유통·소비재,0.9992,0.9972,유통·소비재|바이오·제약|인터넷·게임·콘텐츠,0.0001,0.0,0.0002,0.0,0.0,0.0,0.0,0.0,0.0,0.0,0.0002,0.0001,0.9992,0.0,0.0,0.0001
415380,V2_설명,유통·소비재,0.4936,0.512,유통·소비재|2차전지|인터넷·게임·콘텐츠,0.0065,0.3352,0.0041,0.0026,0.0035,0.0026,0.0036,0.0097,0.0025,0.0034,0.0765,0.017,0.4936,0.0083,0.0098,0.0211
415380,V3_영어지시,유통·소비재,0.9993,0.9974,유통·소비재|바이오·제약|인터넷·게임·콘텐츠,0.0001,0.0,0.0002,0.0,0.0,0.0,0.0,0.0,0.0,0.0,0.0002,0.0001,0.9993,0.0,0.0,0.0001
008870,V1_목록,금융,0.9844,0.9696,금융|철강·금속|유통·소비재,0.0,0.0,0.0,0.0,0.0,0.0,0.0,0.0,0.0,0.0148,0.0,0.9844,0.0007,0.0,0.0,0.0
008870,V2_설명,금융,0.3618,0.3983,금융|2차전지|유통·소비재,0.0167,0.3488,0.006,0.0074,0.0104,0.0035,0.0035,0.0416,0.029,0.0209,0.0039,0.3618,0.1222,0.0054,0.0089,0.01
008870,V3_영어지시,철강·금속,0.7853,0.7925,철강·금속|금융|유통·소비재,0.0001,0.0001,0.0001,0.0001,0.0001,0.0001,0.0001,0.0003,0.0008,0.7853,0.0001,0.2033,0.0091,0.0001,0.0001,0.0001
284740,V1_목록,유통·소비재,0.983,0.9591,유통·소비재|금융|바이오·제약,0.001,0.0005,0.0018,0.0001,0.0003,0.0002,0.0002,0.0006,0.0001,0.0002,0.0002,0.01,0.983,0.0002,0.0002,0.0012
284740,V2_설명,유통·소비재,0.4412,0.4156,유통·소비재|2차전지|금융,0.0047,0.2537,0.0138,0.0041,0.0115,0.0029,0.0097,0.0143,0.0048,0.0057,0.0143,0.1645,0.4412,0.0157,0.0145,0.0247
284740,V3_영어지시,유통·소비재,0.9309,0.8628,유통·소비재|금융|바이오·제약,0.0047,0.0027,0.0121,0.0007,0.0019,0.001,0.001,0.0027,0.0007,0.001,0.0009,0.0317,0.9309,0.001,0.0011,0.006
028100,V1_목록,건설·건자재,1.0,1.0,건설·건자재|반도체|2차전지,0.0,0.0,0.0,0.0,0.0,0.0,0.0,1.0,0.0,0.0,0.0,0.0,0.0,0.0,0.0,0.0
028100,V2_설명,건설·건자재,1.0,1.0,건설·건자재|반도체|2차전지,0.0,0.0,0.0,0.0,0.0,0.0,0.0,1.0,0.0,0.0,0.0,0.0,0.0,0.0,0.0,0.0
028100,V3_영어지시,건설·건자재,1.0,1.0,건설·건자재|반도체|2차전지,0.0,0.0,0.0,0.0,0.0,0.0,0.0,1.0,0.0,0.0,0.0,0.0,0.0,0.0,0.0,0.0
307930,V1_목록,금융,0.8609,0.7788,금융|바이오·제약|기타,0.0021,0.0066,0.0867,0.0022,0.0031,0.001,0.0014,0.0055,0.0009,0.0007,0.011,0.8609,0.0038,0.0007,0.0016,0.0117
307930,V2_설명,2차전지,0.4528,0.4162,2차전지|금융|인터넷·게임·콘텐츠,0.0045,0.4528,0.0331,0.0057,0.0078,0.0036,0.0041,0.0258,0.0059,0.0045,0.0896,0.2768,0.007,0.0066,0.0134,0.059
307930,V3_영어지시,금융,0.8396,0.7445,금융|바이오·제약|기타,0.0029,0.0116,0.0875,0.0025,0.0035,0.0012,0.0018,0.0062,0.0012,0.0009,0.0145,0.8396,0.0036,0.0009,0.0025,0.0199
238200,V1_목록,화학·소재,0.9422,0.9117,화학·소재|바이오·제약|유통·소비재,0.0001,0.0001,0.0533,0.0005,0.0001,0.0001,0.0,0.0001,0.9422,0.0,0.0001,0.0004,0.0019,0.0003,0.0001,0.0007
238200,V2_설명,화학·소재,0.9006,0.8139,화학·소재|바이오·제약|2차전지,0.0014,0.0226,0.0257,0.0024,0.0005,0.0004,0.0005,0.0005,0.9006,0.0005,0.0017,0.0009,0.0165,0.018,0.0033,0.0044
238200,V3_영어지시,화학·소재,0.9185,0.8828,화학·소재|바이오·제약|유통·소비재,0.0002,0.0002,0.0734,0.0009,0.0002,0.0001,0.0001,0.0002,0.9185,0.0001,0.0001,0.0012,0.0031,0.0004,0.0002,0.0009
038870,V1_목록,에너지·유틸리티,0.7247,0.741,에너지·유틸리티|바이오·제약|화학·소재,0.0009,0.0014,0.2523,0.0008,0.0004,0.0008,0.0011,0.0017,0.0078,0.0002,0.0011,0.0014,0.0023,0.0003,0.7247,0.0029
038870,V2_설명,바이오·제약,0.9453,0.9144,바이오·제약|에너지·유틸리티|화학·소재,0.0,0.0007,0.9453,0.0,0.0,0.0001,0.0001,0.0004,0.003,0.0001,0.0003,0.0001,0.0001,0.0001,0.0495,0.0003
038870,V3_영어지시,바이오·제약,0.7672,0.7801,바이오·제약|에너지·유틸리티|화학·소재,0.0003,0.0011,0.7672,0.0003,0.0001,0.0002,0.0003,0.0005,0.0058,0.0001,0.0003,0.0005,0.0009,0.0001,0.2212,0.001
033780,V1_목록,유통·소비재,0.4659,0.5957,유통·소비재|금융|건설·건자재,0.0054,0.0016,0.013,0.0026,0.0117,0.0046,0.0014,0.017,0.0107,0.0028,0.0017,0.4484,0.4659,0.0009,0.0011,0.0111
033780,V2_설명,2차전지,0.3729,0.3658,2차전지|금융|유통·소비재,0.0053,0.3729,0.0096,0.0059,0.0314,0.0053,0.0051,0.0204,0.0091,0.0041,0.0096,0.2482,0.2009,0.032,0.0185,0.0216
033780,V3_영어지시,유통·소비재,0.5642,0.5803,유통·소비재|금융|건설·건자재,0.0062,0.0021,0.0171,0.0033,0.0125,0.0078,0.0023,0.0196,0.01,0.0038,0.0022,0.3319,0.5642,0.0011,0.0012,0.0148
019550,V1_목록,금융,0.9972,0.9909,금융|바이오·제약|인터넷·게임·콘텐츠,0.0001,0.0005,0.0008,0.0001,0.0001,0.0,0.0,0.0001,0.0,0.0,0.0006,0.9972,0.0,0.0,0.0001,0.0002
019550,V2_설명,금융,0.8667,0.7762,금융|2차전지|인터넷·게임·콘텐츠,0.0012,0.0526,0.0034,0.0025,0.0041,0.0007,0.0009,0.006,0.0011,0.0008,0.0444,0.8667,0.0008,0.0026,0.0074,0.0047
019550,V3_영어지시,금융,0.9979,0.993,금융|바이오·제약|2차전지,0.0001,0.0005,0.0006,0.0001,0.0001,0.0,0.0,0.0001,0.0,0.0,0.0005,0.9979,0.0,0.0,0.0001,0.0002
066790,V1_목록,인터넷·게임·콘텐츠,0.9999,0.9995,인터넷·게임·콘텐츠|금융|반도체,0.0,0.0,0.0,0.0,0.0,0.0,0.0,0.0,0.0,0.0,0.9999,0.0001,0.0,0.0,0.0,0.0
066790,V2_설명,인터넷·게임·콘텐츠,0.9488,0.9103,인터넷·게임·콘텐츠|2차전지|에너지·유틸리티,0.0004,0.0408,0.0005,0.0002,0.0001,0.0002,0.0003,0.0009,0.0005,0.0001,0.9488,0.0004,0.0006,0.0003,0.0047,0.0011
066790,V3_영어지시,인터넷·게임·콘텐츠,0.9971,0.9912,인터넷·게임·콘텐츠|바이오·제약|금융,0.0,0.0,0.0011,0.0,0.0,0.0,0.0,0.0,0.0004,0.0,0.9971,0.0007,0.0001,0.0002,0.0002,0.0
043610,V1_목록,인터넷·게임·콘텐츠,0.6388,0.5119,인터넷·게임·콘텐츠|바이오·제약|금융,0.0047,0.0115,0.1393,0.0035,0.0028,0.0029,0.0026,0.0169,0.025,0.0023,0.6388,0.0712,0.0391,0.0291,0.0048,0.0054
043610,V2_설명,인터넷·게임·콘텐츠,0.9095,0.856,인터넷·게임·콘텐츠|2차전지|기타,0.001,0.0703,0.003,0.0005,0.0005,0.0005,0.0005,0.001,0.0005,0.0006,0.9095,0.0029,0.0017,0.0012,0.0015,0.0046
043610,V3_영어지시,인터넷·게임·콘텐츠,0.7544,0.6264,인터넷·게임·콘텐츠|바이오·제약|유통·소비재,0.0033,0.0104,0.1005,0.0025,0.0018,0.0021,0.0017,0.012,0.0164,0.0015,0.7544,0.0331,0.0337,0.0187,0.0047,0.0033
000890,V1_목록,금융,0.9698,0.9305,금융|유통·소비재|화학·소재,0.0008,0.0004,0.0036,0.0004,0.0013,0.0004,0.0006,0.0009,0.0041,0.0004,0.0003,0.9698,0.0133,0.0002,0.0004,0.0031
000890,V2_설명,2차전지,0.4212,0.4584,2차전지|금융|음식료,0.0014,0.4212,0.0063,0.0017,0.0069,0.0009,0.0012,0.003,0.0163,0.002,0.0034,0.2365,0.0655,0.2198,0.004,0.01
000890,V3_영어지시,금융,0.9521,0.8991,금융|유통·소비재|바이오·제약,0.0014,0.0008,0.005,0.0007,0.0018,0.0008,0.001,0.0013,0.0042,0.0006,0.0004,0.9521,0.0241,0.0004,0.0006,0.0047
012700,V1_목록,금융,0.9252,0.8654,금융|유통·소비재|바이오·제약,0.0015,0.0011,0.0246,0.0003,0.0016,0.0013,0.0002,0.0019,0.002,0.0004,0.0002,0.9252,0.0368,0.0002,0.0006,0.0021
012700,V2_설명,2차전지,0.3929,0.311,2차전지|건설·건자재|유통·소비재,0.0136,0.3929,0.0117,0.0041,0.0539,0.0628,0.0028,0.1962,0.013,0.0062,0.0109,0.0364,0.1443,0.0115,0.0246,0.015
012700,V3_영어지시,금융,0.978,0.947,금융|바이오·제약|유통·소비재,0.0005,0.0006,0.0088,0.0002,0.0009,0.0006,0.0001,0.001,0.0013,0.0003,0.0001,0.978,0.0058,0.0002,0.0004,0.0013
011330,V1_목록,화학·소재,0.718,0.5985,화학·소재|바이오·제약|금융,0.0074,0.0025,0.0862,0.0126,0.0036,0.009,0.0032,0.0028,0.718,0.0012,0.0007,0.0735,0.0623,0.0016,0.0031,0.0125
011330,V2_설명,화학·소재,0.4994,0.3707,화학·소재|유통·소비재|2차전지,0.0043,0.0653,0.0492,0.0113,0.0175,0.0219,0.0047,0.0097,0.4994,0.0021,0.012,0.063,0.1816,0.0244,0.0255,0.0081
011330,V3_영어지시,화학·소재,0.5421,0.4769,화학·소재|바이오·제약|유통·소비재,0.0117,0.0027,0.2061,0.0161,0.0053,0.0143,0.0045,0.0035,0.5421,0.0013,0.0008,0.0701,0.1021,0.0019,0.0039,0.0137
264900,V1_목록,유통·소비재,0.9672,0.9224,유통·소비재|금융|바이오·제약,0.0037,0.0032,0.0042,0.0006,0.0004,0.0008,0.0003,0.0011,0.0019,0.0003,0.0004,0.0109,0.9672,0.0005,0.0012,0.0032
264900,V2_설명,유통·소비재,0.7221,0.6326,유통·소비재|2차전지|금융,0.0058,0.1778,0.0053,0.0037,0.0097,0.0048,0.004,0.0099,0.0067,0.002,0.0041,0.0198,0.7221,0.0044,0.0058,0.0141
264900,V3_영어지시,유통·소비재,0.9332,0.8687,유통·소비재|금융|바이오·제약,0.0039,0.0033,0.0102,0.0011,0.0007,0.001,0.0005,0.0015,0.0022,0.0005,0.0018,0.0343,0.9332,0.0007,0.0014,0.0036
035900,V1_목록,인터넷·게임·콘텐츠,0.3497,0.2857,인터넷·게임·콘텐츠|음식료|유통·소비재,0.0281,0.0171,0.1191,0.006,0.005,0.0056,0.0082,0.0111,0.0055,0.0051,0.3497,0.0227,0.159,0.1665,0.0482,0.0429
035900,V2_설명,인터넷·게임·콘텐츠,0.6065,0.5345,인터넷·게임·콘텐츠|2차전지|바이오·제약,0.0061,0.2384,0.0295,0.0036,0.0058,0.0025,0.0042,0.0228,0.0028,0.0025,0.6065,0.0044,0.0096,0.0128,0.0262,0.0224
035900,V3_영어지시,인터넷·게임·콘텐츠,0.3161,0.2327,인터넷·게임·콘텐츠|음식료|바이오·제약,0.0284,0.0199,0.1327,0.0071,0.0059,0.0087,0.0107,0.0185,0.0066,0.0059,0.3161,0.0693,0.1157,0.153,0.0466,0.0548
272450,V1_목록,유통·소비재,0.3482,0.3392,유통·소비재|금융|기타,0.0079,0.0058,0.0153,0.0105,0.0353,0.0293,0.0686,0.007,0.0188,0.0159,0.0041,0.2873,0.3482,0.0039,0.0059,0.1362
272450,V2_설명,2차전지,0.5307,0.5313,2차전지|금융|기타,0.0018,0.5307,0.0021,0.0018,0.0105,0.0033,0.002,0.0017,0.029,0.0031,0.0068,0.3139,0.0386,0.007,0.0042,0.0436
272450,V3_영어지시,유통·소비재,0.4769,0.3962,유통·소비재|금융|기타,0.0075,0.0059,0.0228,0.0096,0.0383,0.0329,0.0501,0.0074,0.0141,0.0124,0.0034,0.2508,0.4769,0.0033,0.0075,0.0571
115530,V1_목록,에너지·유틸리티,0.8475,0.7518,에너지·유틸리티|2차전지|화학·소재,0.0194,0.0745,0.0049,0.0006,0.0033,0.0017,0.0006,0.01,0.0243,0.0016,0.002,0.001,0.0057,0.0002,0.8475,0.0028
115530,V2_설명,에너지·유틸리티,0.4603,0.4619,에너지·유틸리티|2차전지|건설·건자재,0.0239,0.3139,0.0144,0.0038,0.0093,0.0024,0.0017,0.1063,0.0043,0.0108,0.0111,0.0042,0.014,0.0047,0.4603,0.0149
115530,V3_영어지시,에너지·유틸리티,0.7833,0.6469,에너지·유틸리티|2차전지|화학·소재,0.0347,0.0552,0.0109,0.0014,0.0054,0.0033,0.0012,0.0267,0.0447,0.003,0.0094,0.0023,0.0125,0.0004,0.7833,0.0056
003620,V1_목록,금융,0.8455,0.7264,금융|자동차·부품|건설·건자재,0.0027,0.0059,0.0061,0.0026,0.0374,0.0074,0.0024,0.0352,0.0021,0.0097,0.0008,0.8455,0.0276,0.0009,0.0014,0.0124
003620,V2_설명,자동차·부품,0.9229,0.8552,자동차·부품|금융|유통·소비재,0.0005,0.0144,0.0004,0.0004,0.9229,0.0021,0.0004,0.0012,0.0004,0.0005,0.0011,0.0325,0.0165,0.0011,0.0008,0.0049
003620,V3_영어지시,금융,0.7183,0.5876,금융|유통·소비재|자동차·부품,0.0035,0.0044,0.0101,0.0039,0.0661,0.0121,0.0026,0.0416,0.0027,0.0127,0.001,0.7183,0.0912,0.0011,0.002,0.0267
051910,V1_목록,화학·소재,0.996,0.9879,화학·소재|금융|에너지·유틸리티,0.0,0.0,0.0005,0.0005,0.0,0.0001,0.0,0.0001,0.996,0.0,0.0,0.0015,0.0004,0.0,0.0006,0.0001
051910,V2_설명,화학·소재,0.9723,0.939,화학·소재|2차전지|에너지·유틸리티,0.0001,0.0118,0.0007,0.0003,0.0001,0.0002,0.0001,0.0004,0.9723,0.0001,0.0002,0.0005,0.0016,0.0006,0.0099,0.001
051910,V3_영어지시,화학·소재,0.9975,0.9918,화학·소재|금융|에너지·유틸리티,0.0,0.0,0.0004,0.0003,0.0,0.0,0.0,0.0001,0.9975,0.0,0.0,0.0006,0.0003,0.0,0.0006,0.0001
003100,V1_목록,건설·건자재,0.5494,0.3877,건설·건자재|금융|기타,0.0131,0.0128,0.0088,0.0051,0.0199,0.0301,0.0086,0.5494,0.0477,0.0225,0.0035,0.1062,0.051,0.005,0.0157,0.1005
003100,V2_설명,2차전지,0.5799,0.4073,2차전지|건설·건자재|금융,0.0064,0.5799,0.0039,0.0066,0.0169,0.0605,0.0048,0.0855,0.0126,0.0083,0.0142,0.074,0.024,0.0104,0.0354,0.0566
003100,V3_영어지시,건설·건자재,0.5831,0.4385,건설·건자재|금융|유통·소비재,0.0097,0.0098,0.0136,0.0057,0.022,0.0384,0.0069,0.5831,0.0288,0.0188,0.0022,0.1575,0.0634,0.0035,0.0122,0.0245
267980,V1_목록,유통·소비재,0.8828,0.798,유통·소비재|금융|바이오·제약,0.0015,0.0006,0.0247,0.0012,0.0006,0.0014,0.0006,0.0006,0.0179,0.0008,0.0011,0.051,0.8828,0.01,0.002,0.0031
267980,V2_설명,유통·소비재,0.8588,0.7814,유통·소비재|2차전지|음식료,0.0009,0.0875,0.0077,0.0009,0.0033,0.0006,0.0005,0.0006,0.0015,0.0006,0.0025,0.0042,0.8588,0.0215,0.0013,0.0075
267980,V3_영어지시,유통·소비재,0.8325,0.7312,유통·소비재|바이오·제약|금융,0.002,0.0012,0.0711,0.0017,0.0013,0.0028,0.0021,0.0009,0.0226,0.0008,0.0012,0.0329,0.8325,0.02,0.0026,0.0042
084730,V1_목록,바이오·제약,0.5489,0.5014,바이오·제약|화학·소재|인터넷·게임·콘텐츠,0.0072,0.0036,0.5489,0.0099,0.013,0.0037,0.0073,0.0229,0.2746,0.0023,0.0498,0.0101,0.0125,0.0009,0.0287,0.0046
084730,V2_설명,2차전지,0.4994,0.3116,2차전지|바이오·제약|화학·소재,0.0086,0.4994,0.0795,0.0156,0.043,0.0046,0.0057,0.0155,0.0694,0.0067,0.039,0.0575,0.0535,0.0143,0.0489,0.0389
084730,V3_영어지시,바이오·제약,0.8277,0.7417,바이오·제약|화학·소재|인터넷·게임·콘텐츠,0.0019,0.0011,0.8277,0.0025,0.0069,0.0015,0.0021,0.0071,0.1071,0.0006,0.0193,0.0053,0.0058,0.0003,0.0094,0.0015
006090,V1_목록,화학·소재,0.1958,0.115,화학·소재|유통·소비재|건설·건자재,0.0262,0.0148,0.0824,0.0256,0.0604,0.0686,0.0253,0.1169,0.1958,0.0417,0.0043,0.0498,0.1619,0.0727,0.0156,0.0379
006090,V2_설명,바이오·제약,0.5217,0.4326,바이오·제약|화학·소재|2차전지,0.0035,0.122,0.5217,0.0024,0.0134,0.0092,0.0047,0.0136,0.1802,0.0045,0.0065,0.0118,0.0739,0.0121,0.0108,0.0096
006090,V3_영어지시,건설·건자재,0.144,0.0943,건설·건자재|유통·소비재|바이오·제약,0.0193,0.0181,0.1044,0.0277,0.0824,0.0761,0.0238,0.144,0.1016,0.0687,0.0037,0.0778,0.1312,0.0838,0.0135,0.024
032680,V1_목록,건설·건자재,0.2888,0.1625,건설·건자재|에너지·유틸리티|바이오·제약,0.0306,0.0207,0.1063,0.0191,0.0248,0.0186,0.0238,0.2888,0.0622,0.0328,0.0255,0.0336,0.0295,0.0325,0.1763,0.0748
032680,V2_설명,2차전지,0.6764,0.4874,2차전지|인터넷·게임·콘텐츠|건설·건자재,0.0064,0.6764,0.0174,0.0039,0.0101,0.0036,0.0132,0.0478,0.0202,0.01,0.0561,0.0464,0.0158,0.0285,0.0276,0.0166
032680,V3_영어지시,건설·건자재,0.2236,0.1453,건설·건자재|바이오·제약|에너지·유틸리티,0.0357,0.0165,0.1747,0.0159,0.0259,0.0152,0.0248,0.2236,0.0569,0.0301,0.0241,0.0493,0.0333,0.0538,0.1711,0.0492
443670,V1_목록,인터넷·게임·콘텐츠,0.1892,0.1143,인터넷·게임·콘텐츠|건설·건자재|바이오·제약,0.0215,0.016,0.1188,0.0224,0.1141,0.0202,0.0201,0.1403,0.0615,0.0372,0.1892,0.032,0.0731,0.0054,0.0509,0.0773
443670,V2_설명,2차전지,0.4632,0.3869,2차전지|인터넷·게임·콘텐츠|에너지·유틸리티,0.0283,0.4632,0.0522,0.003,0.021,0.0015,0.0024,0.0303,0.0088,0.0029,0.243,0.028,0.0091,0.0056,0.0777,0.0228
443670,V3_영어지시,인터넷·게임·콘텐츠,0.2005,0.1246,인터넷·게임·콘텐츠|건설·건자재|바이오·제약,0.0284,0.0175,0.1291,0.0128,0.0799,0.0134,0.0184,0.1486,0.0737,0.0379,0.2005,0.0387,0.0522,0.0045,0.0555,0.0888
047810,V1_목록,방산·항공,0.2172,0.1876,방산·항공|건설·건자재|유통·소비재,0.0108,0.0173,0.0084,0.0124,0.1015,0.1018,0.2172,0.1883,0.0121,0.0493,0.0058,0.044,0.1231,0.0055,0.0129,0.0896
047810,V2_설명,2차전지,0.5325,0.3853,2차전지|기타|유통·소비재,0.0089,0.5325,0.0046,0.0048,0.0316,0.0272,0.0232,0.0297,0.0083,0.0101,0.0065,0.0251,0.1198,0.0136,0.023,0.131
047810,V3_영어지시,방산·항공,0.2723,0.2201,방산·항공|건설·건자재|자동차·부품,0.0091,0.016,0.0072,0.0105,0.1315,0.073,0.2723,0.1757,0.0092,0.0385,0.0042,0.0478,0.1174,0.0041,0.0119,0.0716
089860,V1_목록,금융,0.9999,0.9995,금융|반도체|2차전지,0.0,0.0,0.0,0.0,0.0,0.0,0.0,0.0,0.0,0.0,0.0,0.9999,0.0,0.0,0.0,0.0
089860,V2_설명,금융,0.8908,0.8363,금융|2차전지|기타,0.0006,0.0864,0.0007,0.0006,0.002,0.0006,0.0007,0.0013,0.0006,0.0006,0.004,0.8908,0.0024,0.001,0.0021,0.0057
089860,V3_영어지시,금융,0.9998,0.999,금융|바이오·제약|기타,0.0,0.0,0.0001,0.0,0.0,0.0,0.0,0.0,0.0,0.0,0.0,0.9998,0.0,0.0,0.0,0.0001
221800,V1_목록,바이오·제약,0.8628,0.7485,바이오·제약|인터넷·게임·콘텐츠|자동차·부품,0.016,0.0046,0.8628,0.0034,0.0187,0.0009,0.0026,0.0028,0.0033,0.0011,0.0453,0.0114,0.0098,0.0014,0.0044,0.0115
221800,V2_설명,바이오·제약,0.9533,0.8988,바이오·제약|인터넷·게임·콘텐츠|2차전지,0.0021,0.008,0.9533,0.0003,0.0004,0.0002,0.0008,0.0009,0.0031,0.0003,0.0193,0.0021,0.0036,0.0006,0.0015,0.0035
221800,V3_영어지시,바이오·제약,0.9738,0.9356,바이오·제약|자동차·부품|인터넷·게임·콘텐츠,0.0025,0.001,0.9738,0.0006,0.0066,0.0001,0.0003,0.0005,0.0005,0.0001,0.0056,0.0027,0.0025,0.0002,0.0008,0.002
034230,V1_목록,금융,0.6708,0.6401,금융|건설·건자재|유통·소비재,0.0009,0.0023,0.0056,0.0086,0.0015,0.0013,0.0007,0.195,0.0007,0.0008,0.0022,0.6708,0.1031,0.0017,0.0012,0.0036
034230,V2_설명,금융,0.4149,0.3992,금융|2차전지|건설·건자재,0.0037,0.3105,0.0037,0.0133,0.01,0.0038,0.0038,0.0718,0.0037,0.0038,0.0117,0.4149,0.0489,0.0292,0.0149,0.0525
034230,V3_영어지시,금융,0.5741,0.5754,금융|건설·건자재|유통·소비재,0.0013,0.0018,0.0097,0.0168,0.0018,0.0013,0.0008,0.1961,0.0007,0.0008,0.0027,0.5741,0.1855,0.0019,0.0017,0.0032
032800,V1_목록,바이오·제약,0.9978,0.9924,바이오·제약|인터넷·게임·콘텐츠|2차전지,0.0002,0.0003,0.9978,0.0001,0.0,0.0,0.0,0.0,0.0002,0.0,0.0005,0.0003,0.0002,0.0,0.0002,0.0002
032800,V2_설명,바이오·제약,0.971,0.9455,바이오·제약|인터넷·게임·콘텐츠|2차전지,0.0003,0.0019,0.971,0.0,0.0,0.0,0.0001,0.0,0.0003,0.0,0.0246,0.0002,0.0,0.0001,0.0005,0.0008
032800,V3_영어지시,바이오·제약,0.9988,0.9956,바이오·제약|인터넷·게임·콘텐츠|금융,0.0001,0.0001,0.9988,0.0,0.0,0.0,0.0,0.0,0.0001,0.0,0.0003,0.0002,0.0001,0.0,0.0001,0.0001
002680,V1_목록,유통·소비재,0.7295,0.6706,유통·소비재|바이오·제약|화학·소재,0.0006,0.0006,0.1225,0.0015,0.0002,0.0394,0.0005,0.001,0.0979,0.0001,0.0001,0.003,0.7295,0.0018,0.0001,0.0012
002680,V2_설명,화학·소재,0.9033,0.8502,화학·소재|유통·소비재|2차전지,0.0002,0.0105,0.0011,0.0001,0.0001,0.002,0.0001,0.0002,0.9033,0.0002,0.0002,0.0026,0.0726,0.0042,0.0009,0.0015
002680,V3_영어지시,유통·소비재,0.841,0.7676,유통·소비재|바이오·제약|화학·소재,0.0004,0.0004,0.0672,0.001,0.0002,0.0274,0.0003,0.0009,0.0562,0.0001,0.0001,0.0018,0.841,0.0014,0.0006,0.001
005090,V1_목록,에너지·유틸리티,1.0,0.9999,에너지·유틸리티|반도체|2차전지,0.0,0.0,0.0,0.0,0.0,0.0,0.0,0.0,0.0,0.0,0.0,0.0,0.0,0.0,1.0,0.0
005090,V2_설명,에너지·유틸리티,0.9982,0.9945,에너지·유틸리티|2차전지|건설·건자재,0.0,0.0014,0.0,0.0,0.0,0.0,0.0,0.0001,0.0,0.0,0.0,0.0,0.0,0.0,0.9982,0.0001
005090,V3_영어지시,에너지·유틸리티,0.9995,0.9983,에너지·유틸리티|건설·건자재|반도체,0.0,0.0,0.0,0.0,0.0,0.0,0.0,0.0004,0.0,0.0,0.0,0.0,0.0,0.0,0.9995,0.0
014530,V1_목록,화학·소재,0.6111,0.4647,화학·소재|유통·소비재|금융,0.0083,0.0093,0.0184,0.0081,0.0153,0.0149,0.0043,0.0053,0.6111,0.0034,0.0033,0.0883,0.1018,0.0044,0.0334,0.0702
014530,V2_설명,화학·소재,0.468,0.4688,화학·소재|2차전지|기타,0.0021,0.3127,0.0075,0.0032,0.0039,0.0029,0.0019,0.0035,0.468,0.002,0.0031,0.0388,0.0235,0.0136,0.0305,0.0829
014530,V3_영어지시,화학·소재,0.6684,0.52,화학·소재|유통·소비재|기타,0.0055,0.0113,0.0165,0.0087,0.0117,0.0121,0.0035,0.0045,0.6684,0.0024,0.0022,0.0547,0.0981,0.0037,0.0335,0.0632
256630,V1_목록,화학·소재,0.8005,0.6519,화학·소재|금융|바이오·제약,0.0067,0.0058,0.0228,0.0173,0.0035,0.0043,0.0058,0.0106,0.8005,0.0105,0.0115,0.0617,0.0135,0.0032,0.0065,0.016
256630,V2_설명,화학·소재,0.4326,0.379,화학·소재|2차전지|에너지·유틸리티,0.0094,0.2754,0.011,0.0117,0.0055,0.0074,0.0055,0.0181,0.4326,0.0096,0.0119,0.016,0.04,0.0196,0.1021,0.0241
256630,V3_영어지시,화학·소재,0.7432,0.5822,화학·소재|금융|바이오·제약,0.0067,0.0076,0.0341,0.0194,0.0043,0.0051,0.0072,0.0136,0.7432,0.0128,0.0139,0.0828,0.0185,0.004,0.0084,0.0184
149980,V1_목록,바이오·제약,0.2253,0.1829,바이오·제약|금융|건설·건자재,0.01,0.0069,0.2253,0.0459,0.025,0.0092,0.0083,0.1154,0.0606,0.0148,0.0868,0.2173,0.088,0.0087,0.0381,0.0396
149980,V2_설명,2차전지,0.1613,0.1231,2차전지|의료기기|바이오·제약,0.0222,0.1613,0.1401,0.1573,0.0178,0.0054,0.0082,0.0437,0.0593,0.0076,0.0992,0.0643,0.0262,0.036,0.0968,0.0546
149980,V3_영어지시,바이오·제약,0.3219,0.2874,바이오·제약|금융|건설·건자재,0.0055,0.0051,0.3219,0.0352,0.0151,0.0046,0.0043,0.1114,0.024,0.0061,0.1114,0.2397,0.0653,0.0041,0.0279,0.0185
007110,V1_목록,화학·소재,0.5563,0.546,화학·소재|유통·소비재|금융,0.003,0.0027,0.0098,0.0035,0.0011,0.0226,0.0054,0.0063,0.5563,0.0149,0.001,0.056,0.3002,0.0048,0.0048,0.0076
007110,V2_설명,화학·소재,0.8984,0.8179,화학·소재|2차전지|유통·소비재,0.001,0.0508,0.0034,0.0006,0.0004,0.0016,0.0009,0.0015,0.8984,0.0038,0.0004,0.0096,0.0168,0.006,0.0021,0.0027
007110,V3_영어지시,유통·소비재,0.4537,0.4859,유통·소비재|화학·소재|금융,0.0034,0.0034,0.0173,0.0034,0.0012,0.0351,0.0057,0.0068,0.3469,0.0167,0.0011,0.0866,0.4537,0.0041,0.0072,0.0075
058610,V1_목록,유통·소비재,0.2459,0.1787,유통·소비재|건설·건자재|에너지·유틸리티,0.0359,0.0163,0.0297,0.0095,0.0972,0.019,0.0117,0.1677,0.0347,0.0261,0.0078,0.0836,0.2459,0.0086,0.1512,0.055
058610,V2_설명,2차전지,0.4772,0.351,2차전지|자동차·부품|건설·건자재,0.0132,0.4772,0.0082,0.0046,0.111,0.0088,0.0033,0.109,0.0175,0.0097,0.0065,0.0102,0.1038,0.0112,0.0784,0.0275
058610,V3_영어지시,유통·소비재,0.3801,0.281,유통·소비재|건설·건자재|바이오·제약,0.0307,0.0128,0.0927,0.007,0.0782,0.0159,0.0066,0.2015,0.0177,0.0152,0.0041,0.0635,0.3801,0.0036,0.0422,0.0282
079370,V1_목록,화학·소재,0.9021,0.8074,화학·소재|유통·소비재|반도체,0.0176,0.0008,0.0036,0.0046,0.008,0.0014,0.0009,0.0054,0.9021,0.0028,0.0004,0.0139,0.0278,0.0009,0.0061,0.0037
079370,V2_설명,2차전지,0.3711,0.2772,2차전지|화학·소재|에너지·유틸리티,0.053,0.3711,0.0137,0.0083,0.0503,0.0106,0.0046,0.0123,0.2372,0.009,0.0123,0.0339,0.0337,0.0435,0.0772,0.0293
079370,V3_영어지시,화학·소재,0.8369,0.7107,화학·소재|유통·소비재|금융,0.0115,0.0014,0.0087,0.0092,0.0161,0.0032,0.0018,0.0108,0.8369,0.0043,0.0007,0.029,0.0502,0.0014,0.0093,0.0055
011300,V1_목록,화학·소재,0.3762,0.3921,화학·소재|유통·소비재|바이오·제약,0.0298,0.0202,0.1049,0.0058,0.0021,0.011,0.0112,0.0069,0.3762,0.009,0.0017,0.0555,0.3301,0.0031,0.0037,0.0287
011300,V2_설명,화학·소재,0.669,0.604,화학·소재|2차전지|유통·소비재,0.0153,0.1824,0.0097,0.0007,0.0007,0.0013,0.0019,0.0017,0.669,0.0027,0.0013,0.0047,0.0866,0.0066,0.0044,0.0109
011300,V3_영어지시,화학·소재,0.5657,0.4752,화학·소재|유통·소비재|바이오·제약,0.0209,0.0201,0.1424,0.0032,0.0023,0.0104,0.0087,0.0052,0.5657,0.0073,0.0013,0.0379,0.1551,0.0017,0.0025,0.0154
373220,V1_목록,에너지·유틸리티,0.8005,0.7221,에너지·유틸리티|바이오·제약|금융,0.0028,0.0112,0.1249,0.0004,0.0025,0.0008,0.001,0.004,0.0171,0.0009,0.0011,0.0281,0.0019,0.0002,0.8005,0.0026
373220,V2_설명,에너지·유틸리티,0.9663,0.9318,에너지·유틸리티|2차전지|건설·건자재,0.0005,0.0244,0.0006,0.0002,0.0003,0.0002,0.0002,0.0023,0.0005,0.0002,0.0011,0.0008,0.001,0.0002,0.9663,0.0014
373220,V3_영어지시,에너지·유틸리티,0.7854,0.715,에너지·유틸리티|바이오·제약|금융,0.004,0.0066,0.1403,0.0003,0.0028,0.0007,0.0009,0.0037,0.0196,0.0006,0.0007,0.0302,0.002,0.0001,0.7854,0.0021
071840,V1_목록,금융,0.4377,0.4244,금융|바이오·제약|유통·소비재,0.016,0.005,0.2455,0.008,0.0066,0.0069,0.0027,0.0122,0.008,0.0045,0.0171,0.4377,0.1844,0.0018,0.0164,0.0271
071840,V2_설명,2차전지,0.4827,0.3871,2차전지|유통·소비재|금융,0.0209,0.4827,0.011,0.0102,0.022,0.0038,0.0064,0.0338,0.0054,0.0066,0.0286,0.0605,0.2456,0.0154,0.0233,0.0239
071840,V3_영어지시,금융,0.4319,0.4613,금융|바이오·제약|유통·소비재,0.0077,0.0043,0.2819,0.007,0.0059,0.0066,0.0023,0.012,0.0059,0.0035,0.0108,0.4319,0.1885,0.0013,0.0111,0.0192
318020,V1_목록,반도체,0.3127,0.2231,반도체|바이오·제약|기타,0.3127,0.0341,0.1797,0.0234,0.0154,0.0057,0.0125,0.0325,0.032,0.0203,0.1062,0.0393,0.0267,0.0048,0.017,0.1379
318020,V2_설명,2차전지,0.319,0.351,2차전지|인터넷·게임·콘텐츠|기타,0.049,0.319,0.088,0.0033,0.012,0.0022,0.005,0.0348,0.006,0.0055,0.3165,0.005,0.0113,0.0071,0.011,0.1243
318020,V3_영어지시,바이오·제약,0.2681,0.2317,바이오·제약|반도체|기타,0.2571,0.0249,0.2681,0.0179,0.0143,0.0048,0.0111,0.0359,0.0321,0.0196,0.0937,0.0393,0.0293,0.0042,0.0225,0.1251
020710,V1_목록,건설·건자재,0.9982,0.9939,건설·건자재|조선·해운|에너지·유틸리티,0.0001,0.0,0.0001,0.0,0.0001,0.0005,0.0,0.9982,0.0001,0.0001,0.0,0.0002,0.0002,0.0,0.0003,0.0001
020710,V2_설명,건설·건자재,0.997,0.9908,건설·건자재|2차전지|금융,0.0,0.0013,0.0,0.0,0.0001,0.0001,0.0,0.997,0.0,0.0,0.0001,0.0008,0.0002,0.0,0.0001,0.0001
020710,V3_영어지시,건설·건자재,0.9846,0.9592,건설·건자재|조선·해운|에너지·유틸리티,0.0003,0.0002,0.0006,0.0003,0.0004,0.0046,0.0003,0.9846,0.0008,0.0009,0.0003,0.0016,0.0019,0.0001,0.0026,0.0004
019680,V1_목록,바이오·제약,0.5892,0.49,바이오·제약|인터넷·게임·콘텐츠|금융,0.028,0.0054,0.5892,0.032,0.0058,0.0053,0.0056,0.0077,0.0095,0.0053,0.2156,0.0437,0.0247,0.0068,0.0064,0.009
019680,V2_설명,2차전지,0.4862,0.3708,2차전지|인터넷·게임·콘텐츠|바이오·제약,0.0101,0.4862,0.0919,0.0105,0.0077,0.0068,0.0069,0.0069,0.016,0.0068,0.1991,0.0447,0.0132,0.0298,0.0371,0.0263
019680,V3_영어지시,바이오·제약,0.5951,0.4778,바이오·제약|인터넷·게임·콘텐츠|금융,0.0319,0.0051,0.5951,0.0358,0.0071,0.005,0.0058,0.0082,0.0083,0.005,0.1876,0.0498,0.0325,0.0076,0.0063,0.0089
007590,V1_목록,유통·소비재,0.4404,0.407,유통·소비재|바이오·제약|금융,0.0051,0.013,0.2096,0.0172,0.0047,0.0186,0.0022,0.0054,0.1004,0.0021,0.0024,0.1527,0.4404,0.0028,0.0046,0.0187
007590,V2_설명,2차전지,0.4092,0.3821,2차전지|유통·소비재|화학·소재,0.0061,0.4092,0.0439,0.0047,0.019,0.0067,0.0036,0.0052,0.0685,0.0032,0.0119,0.0354,0.3084,0.0442,0.0095,0.0206
007590,V3_영어지시,유통·소비재,0.7141,0.6062,유통·소비재|금융|바이오·제약,0.0025,0.0076,0.091,0.0084,0.0029,0.0114,0.0012,0.0037,0.0416,0.0011,0.0016,0.1009,0.7141,0.0014,0.0022,0.0081
027740,V1_목록,유통·소비재,0.8113,0.6783,유통·소비재|금융|바이오·제약,0.0113,0.0037,0.0239,0.0059,0.0028,0.0143,0.0027,0.0026,0.008,0.0033,0.0049,0.0684,0.8113,0.0124,0.0036,0.0209
027740,V2_설명,2차전지,0.4052,0.3969,2차전지|유통·소비재|기타,0.0055,0.4052,0.0103,0.0044,0.0103,0.009,0.0046,0.0049,0.0096,0.0048,0.0266,0.0515,0.3264,0.0407,0.0148,0.0713
027740,V3_영어지시,유통·소비재,0.7536,0.5955,유통·소비재|금융|바이오·제약,0.0149,0.006,0.0397,0.0097,0.0043,0.0256,0.0044,0.0033,0.0097,0.004,0.0065,0.0661,0.7536,0.0179,0.0054,0.029
004440,V1_목록,건설·건자재,0.3958,0.4806,건설·건자재|에너지·유틸리티|철강·금속,0.0119,0.0032,0.0022,0.0031,0.0016,0.002,0.0028,0.3958,0.0582,0.0794,0.0013,0.0133,0.015,0.0028,0.3956,0.0118
004440,V2_설명,화학·소재,0.2335,0.2946,화학·소재|2차전지|건설·건자재,0.0146,0.2212,0.0051,0.0049,0.0027,0.0044,0.0046,0.2169,0.2335,0.0137,0.0062,0.0266,0.0585,0.0106,0.1555,0.0209
004440,V3_영어지시,건설·건자재,0.5038,0.4386,건설·건자재|에너지·유틸리티|철강·금속,0.0094,0.0036,0.0046,0.0045,0.0025,0.0028,0.0036,0.5038,0.0536,0.1608,0.0016,0.0261,0.0276,0.0031,0.176,0.0165
057540,V1_목록,에너지·유틸리티,0.9979,0.9933,에너지·유틸리티|2차전지|기타,0.0001,0.001,0.0001,0.0,0.0,0.0,0.0,0.0001,0.0001,0.0,0.0001,0.0001,0.0001,0.0,0.9979,0.0002
057540,V2_설명,에너지·유틸리티,0.8931,0.8177,에너지·유틸리티|2차전지|기타,0.0013,0.0589,0.0008,0.0007,0.0025,0.0004,0.0005,0.0078,0.001,0.0008,0.0135,0.0019,0.0011,0.0011,0.8931,0.0148
057540,V3_영어지시,에너지·유틸리티,0.9969,0.9905,에너지·유틸리티|2차전지|기타,0.0001,0.0016,0.0002,0.0,0.0,0.0,0.0,0.0001,0.0001,0.0,0.0002,0.0001,0.0001,0.0,0.9969,0.0004
078160,V1_목록,금융,0.6227,0.6475,금융|유통·소비재|바이오·제약,0.0018,0.0032,0.0263,0.0066,0.0025,0.0012,0.001,0.0016,0.0067,0.0013,0.0017,0.6227,0.3092,0.0011,0.001,0.0121
078160,V2_설명,2차전지,0.453,0.4162,2차전지|금융|음식료,0.0046,0.453,0.0123,0.0052,0.0166,0.0047,0.0049,0.0058,0.0162,0.0072,0.027,0.3086,0.0371,0.0495,0.0119,0.0356
078160,V3_영어지시,유통·소비재,0.4776,0.5977,유통·소비재|금융|바이오·제약,0.0018,0.0034,0.0651,0.0055,0.0031,0.0014,0.0011,0.0019,0.0053,0.0011,0.0017,0.4168,0.4776,0.0011,0.0011,0.012
011810,V1_목록,철강·금속,0.4883,0.5282,철강·금속|금융|바이오·제약,0.0019,0.0037,0.0524,0.0019,0.003,0.0041,0.0056,0.0058,0.0175,0.4883,0.0027,0.3626,0.0179,0.0013,0.0245,0.0067
011810,V2_설명,철강·금속,0.888,0.8107,철강·금속|2차전지|에너지·유틸리티,0.0007,0.0649,0.0029,0.0012,0.0017,0.0005,0.0005,0.0006,0.0025,0.888,0.0034,0.0093,0.003,0.001,0.0165,0.0032
011810,V3_영어지시,금융,0.627,0.4921,금융|바이오·제약|철강·금속,0.0032,0.0142,0.1229,0.0029,0.0053,0.0088,0.0119,0.0108,0.024,0.0981,0.0035,0.627,0.0211,0.0017,0.0353,0.0095
014970,V1_목록,화학·소재,0.4578,0.2651,화학·소재|철강·금속|유통·소비재,0.0416,0.065,0.0386,0.0348,0.0186,0.0412,0.0154,0.0269,0.4578,0.0959,0.0065,0.0244,0.0734,0.0077,0.0128,0.0395
014970,V2_설명,2차전지,0.7083,0.526,2차전지|화학·소재|유통·소비재,0.0081,0.7083,0.0074,0.0073,0.0128,0.0087,0.0045,0.0254,0.0635,0.0285,0.0057,0.019,0.0432,0.0173,0.0233,0.017
014970,V3_영어지시,화학·소재,0.3208,0.1736,화학·소재|철강·금속|유통·소비재,0.0515,0.0539,0.0648,0.0481,0.0256,0.0561,0.0132,0.032,0.3208,0.1258,0.0069,0.0379,0.1093,0.0089,0.0133,0.0319
