consolidated,gap_band,gap_days,kind,rcept_no,status,title,year,equity_db,equity_doc,equity_rel,equity_sign,net_income_db,net_income_doc,net_income_rel,net_income_sign,operating_income_db,operating_income_doc,operating_income_rel,operating_income_sign,revenue_db,revenue_doc,revenue_rel,revenue_sign
,neg,-2,correction,20230228006854,제외: 정정본이 원본보다 앞선 이상 사례,[기재정정]분기보고서 (2021.03),2023,,,,,,,,,,,,,,,,
,neg,-2,correction,20230228006865,제외: 정정본이 원본보다 앞선 이상 사례,[기재정정]분기보고서 (2022.03),2023,,,,,,,,,,,,,,,,
1,0-30,7,annual,20230316000770,ok,사업보고서 (2022.12),2023,47872922465,47873000000.0,2e-06,0,-3344927353,,,,-2085848169,-2086000000.0,7.3e-05,0,217202243524,217202000000.0,1e-06,0
1,31-90,55,annual,20230321000819,단위 없음,사업보고서 (2022.12),2023,2908475429741,,,,296545278655,,,,494432749962,,,,9026258367482,,,
1,0-30,2,annual,20230321001268,ok,사업보고서 (2022.12),2023,228875014938,228875015000.0,0.0,0,29841317960,,,,28591491789,28591492000.0,0.0,0,279785548725,279785549000.0,0.0,0
1,366+,730,annual,20230321001310,ok,사업보고서 (2022.12),2023,28471274937,29471294000.0,0.035124,0,-8764764087,-7764745000.0,0.114095,0,-6048919738,-6048920000.0,0.0,0,23396367880,23396368000.0,0.0,0
1,0-30,0,correction,20230323000032,ok,[기재정정]사업보고서 (2022.12),2023,61934534993,61934534993.0,0.0,0,-8645207016,-8645207016.0,0.0,0,-13275484597,-13275484597.0,0.0,0,,31540183653.0,,
1,91-365,109,correction,20230327000330,ok,[기재정정]사업보고서 (2022.12),2023,28930664804,28931000000.0,1.2e-05,0,-3263062533,,,,1052222165,1052000000.0,0.000211,0,124347842285,124348000000.0,1e-06,0
1,366+,378,correction,20230331000352,ok,[기재정정]사업보고서 (2022.12),2023,95267464101,95267000000.0,5e-06,0,7976055380,7976000000.0,7e-06,0,6433888101,6434000000.0,1.7e-05,0,152134940505,152135000000.0,0.0,0
1,91-365,122,correction,20230331002018,ok,[기재정정]사업보고서 (2022.12),2023,249388172521,249388000000.0,1e-06,0,-7550762243,-7551000000.0,3.1e-05,0,31455456699,31455000000.0,1.5e-05,0,1426450944874,1426451000000.0,0.0,0
1,91-365,119,correction,20230417000204,ok,[기재정정]사업보고서 (2022.12),2023,11529022641000,11529022641000.0,0.0,0,802674084000,802674084000.0,0.0,0,1664708210000,1664708210000.0,0.0,0,30079513121000,30079513121000.0,0.0,0
1,0-30,1,quarter,20230515001729,맞는 표 없음(연결/별도),분기보고서 (2023.03),2023,55871340031,,,,-2649456408,,,,-2489214453,,,,2333550912,,,
0,366+,941,correction,20230526000410,ok,[기재정정]사업보고서 (2022.12),2023,106791384883,106791385000.0,0.0,0,-6837097549,-6837098000.0,0.0,0,-4648213293,-4648213000.0,0.0,0,6591010796,6591011000.0,0.0,0
1,91-365,184,half,20230814000428,ok,반기보고서 (2023.06),2023,592154789994,539200380563.0,0.089427,0,,,,,,,,,,,,
1,366+,504,half,20230814001397,ok,반기보고서 (2023.06),2023,94678614177,94678614000.0,0.0,0,,,,,,,,,,,,
1,366+,492,half,20230814001688,ok,반기보고서 (2023.06),2023,83226886238,83227000000.0,1e-06,0,,,,,,,,,,,,
1,31-90,86,half,20230814001699,ok,반기보고서 (2023.06),2023,67854961854,67853000000.0,2.9e-05,0,,,,,,,,,,,,
0,366+,494,half,20230814002128,ok,반기보고서 (2023.06),2023,72923570347,72923570347.0,0.0,0,,,,,,,,,,,,
0,366+,744,half,20230814002629,맞는 표 없음(연결/별도),반기보고서 (2023.06),2023,56065738702,,,,,,,,,,,,,,,
,91-365,91,annual,20231019000287,제외: 결산월 12월 아님,사업보고서 (2023.07),2023,,,,,,,,,,,,,,,,
1,366+,580,correction,20231103000371,ok,[기재정정]사업보고서 (2022.12),2023,71021899442,71022000000.0,1e-06,0,-8414779933,-8415000000.0,2.6e-05,0,-12326103597,-12326000000.0,8e-06,0,119750819393,119751000000.0,2e-06,0
0,366+,770,quarter,20231113000397,ok,분기보고서 (2023.09),2023,137449463935,137449000000.0,3e-06,0,,,,,,,,,,,,
1,31-90,44,quarter,20231114002239,ok,분기보고서 (2023.09),2023,40407005000000,40407005000000.0,0.0,0,,,,,,,,,,,,
0,31-90,44,quarter,20231114002985,ok,분기보고서 (2023.09),2023,1346667129649,1346667000000.0,0.0,0,,,,,,,,,,,,
1,0-30,1,quarter,20231114003044,ok,분기보고서 (2023.09),2023,159581490011,159581000000.0,3e-06,0,,,,,,,,,,,,
1,31-90,56,correction,20231227000624,ok,[기재정정]분기보고서 (2023.09),2023,10301904246879,10225659000000.0,0.007401,0,,,,,,,,,,,,
1,31-90,50,annual,20240307000697,ok,사업보고서 (2023.12),2024,830518070916,830518000000.0,0.0,0,-11367972142,-11368000000.0,2e-06,0,-62004542741,-62005000000.0,7e-06,0,1508370888138,1508371000000.0,0.0,0
1,366+,695,annual,20240313001159,ok,사업보고서 (2023.12),2024,625763571220,625764000000.0,1e-06,0,5297181824,5297000000.0,3.4e-05,0,18342039200,18342000000.0,2e-06,0,952282926124,952283000000.0,0.0,0
1,31-90,38,annual,20240315000783,ok,사업보고서 (2023.12),2024,287326533909,287326533909.0,0.0,0,-55424406377,-55424406377.0,0.0,0,-52354977793,-52354977793.0,0.0,0,13827303630,13827303630.0,0.0,0
1,31-90,45,annual,20240318000635,ok,사업보고서 (2023.12),2024,56321865000000,56321865000000.0,0.0,0,4478000000000,,,,,,,,,,,
1,366+,462,annual,20240319000748,ok,사업보고서 (2023.12),2024,36627811532,36627811532.0,0.0,0,-15319136006,-15319136006.0,0.0,0,-13575024313,-13575024313.0,0.0,0,220981852363,220981852363.0,0.0,0
1,366+,496,annual,20240320001184,요약재무정보 절 없음,사업보고서제출기한연장신고서 (2023.12),2024,9886736241,,,,-19201767394,,,,2190258857,,,,17991718820,,,
1,91-365,131,annual,20240320001267,맞는 표 없음(연결/별도),사업보고서 (2023.12),2024,59749053243,,,,-32501586699,,,,-13071378512,,,,11308943767,,,
1,366+,638,annual,20240320001593,ok,사업보고서 (2023.12),2024,,33198739000000.0,,,1635515000000,1635515000000.0,0.0,0,2411920000000,2411920000000.0,0.0,0,53134813000000,53134813000000.0,0.0,0
1,31-90,57,annual,20240320002013,맞는 표 없음(연결/별도),사업보고서 (2023.12),2024,166328300394,,,,19076115306,,,,22059569867,,,,232025910017,,,
0,366+,426,annual,20240321000726,ok,사업보고서 (2023.12),2024,14574189825,19943525031.0,0.368414,0,-10453925848,-5084590642.0,0.513619,0,364369139,364369139.0,0.0,0,241720629111,241720629111.0,0.0,0
1,31-90,54,annual,20240321001857,맞는 표 없음(연결/별도),사업보고서 (2023.12),2024,81908847726,,,,2208079977,,,,3764265342,,,,69763645185,,,
1,366+,768,annual,20240322001076,요약재무정보 절 없음,사업보고서제출기한연장신고서 (2023.12),2024,599190765,,,,-5878569121,,,,1622778490,,,,88076437797,,,
1,31-90,50,correction,20240327001232,ok,[기재정정]사업보고서 (2020.12),2024,7106496680985,7106497000000.0,0.0,0,-622554709114,,,,409236133151,409237000000.0,2e-06,0,15243824665369,15243825000000.0,0.0,0
1,366+,630,correction,20240328001723,ok,[기재정정]사업보고서 (2023.12),2024,,33198739000000.0,,,1635515000000,1635515000000.0,0.0,0,2411920000000,2411920000000.0,0.0,0,53134813000000,53134813000000.0,0.0,0
,0-30,3,correction,20240329001508,문서 없음,[첨부정정]사업보고서 (2023.12),2024,,,,,,,,,,,,,,,,
1,0-30,10,annual,20240401001427,ok,사업보고서 (2023.12),2024,225375915294,225376000000.0,0.0,0,31641504580,,,,17924999731,,,,245020790824,,,
1,366+,731,correction,20240401001446,ok,[기재정정]사업보고서 (2022.12),2024,49746166076,49746000000.0,3e-06,0,-4729777815,,,,332633055,,,,99124024129,,,
1,366+,652,correction,20240425000282,ok,[기재정정]사업보고서 (2023.12),2024,625763571220,625764000000.0,1e-06,0,5297181824,5297000000.0,3.4e-05,0,18342039200,18342000000.0,2e-06,0,952282926124,952283000000.0,0.0,0
0,0-30,7,quarter,20240516000469,맞는 표 없음(연결/별도),분기보고서 (2024.03),2024,5454689911,,,,-1849128128,,,,-1733627236,,,,1431603863,,,
,91-365,183,half,20240715000243,제외: 결산월 12월 아님,반기보고서 (2024.05),2024,,,,,,,,,,,,,,,,
1,366+,687,half,20240813001408,ok,반기보고서 (2024.06),2024,4996781584168,4996782000000.0,0.0,0,,,,,,,,,,,,
1,91-365,134,correction,20240814003213,ok,[기재정정]반기보고서 (2024.06),2024,129765139618,129765000000.0,1e-06,0,,,,,,,,,,,,
1,0-30,16,half,20240814004477,ok,반기보고서 (2024.06),2024,11938524105083,11938524000000.0,0.0,0,,,,,,,,,,,,
1,31-90,72,half,20240814004527,단위 없음,반기보고서 (2024.06),2024,116038817,,,,,,,,,,,,,,,
1,91-365,127,half,20240829001106,ok,반기보고서 (2024.06),2024,64827897016,64827897016.0,0.0,0,,,,,,,,,,,,
1,366+,638,quarter,20241113000731,단위 없음,분기보고서 (2024.09),2024,9164895485373,,,,,,,,,,,,,,,
1,91-365,139,annual,20250314000996,ok,사업보고서 (2024.12),2025,47995463000000,47995463000000.0,0.0,0,515011000000,515011000000.0,0.0,0,916798000000,916798000000.0,0.0,0,48916104000000,48916104000000.0,0.0,0
1,91-365,149,annual,20250318001444,맞는 표 없음(연결/별도),사업보고서 (2024.12),2025,17578682254,,,,-10292890167,,,,-6143381048,,,,25652898941,,,
1,0-30,19,annual,20250319000635,ok,사업보고서 (2024.12),2025,62503170819,62503170819.0,0.0,0,-18580542649,-18580542649.0,0.0,0,-10270955220,-10270955220.0,0.0,0,18133363002,18133363002.0,0.0,0
1,91-365,362,annual,20250320000980,ok,사업보고서 (2024.12),2025,51948026743,51674000000.0,0.005275,0,-5600075706,5943000000.0,2.061236,1,5786457572,5786000000.0,7.9e-05,0,94049530822,94050000000.0,5e-06,0
1,0-30,0,annual,20250320001136,ok,사업보고서 (2024.12),2025,12062624773,12062625000.0,0.0,0,-4895289645,-4895290000.0,0.0,0,-3610777923,-3610778000.0,0.0,0,5677574243,5677574000.0,0.0,0
1,91-365,318,correction,20250325000522,ok,[기재정정]사업보고서 (2024.12),2025,672764012916,672764000000.0,0.0,0,-6798402948,-6798000000.0,5.9e-05,0,-5445946393,-5446000000.0,1e-05,0,920399251687,920399000000.0,0.0,0
1,91-365,99,correction,20250325000886,ok,[기재정정]사업보고서 (2024.12),2025,18383291246,18383000000.0,1.6e-05,0,-22956357925,-22956000000.0,1.6e-05,0,-1978719555,-1979000000.0,0.000142,0,28125456516,28125000000.0,1.6e-05,0
1,366+,463,correction,20250325001066,ok,[기재정정]사업보고서 (2024.12),2025,5087123959443,5087124000000.0,0.0,0,263924031753,263924000000.0,0.0,0,285954335787,285954000000.0,1e-06,0,12863811468386,12863811000000.0,0.0,0
1,0-30,14,annual,20250407004348,ok,사업보고서 (2024.12),2025,69838505413,69838505413.0,0.0,0,-5485708426,-5485708426.0,0.0,0,-4757481207,-4757481207.0,0.0,0,31628770815,31628770815.0,0.0,0
1,0-30,15,quarter,20250515001717,ok,분기보고서 (2025.03),2025,2477419145774,2477420000000.0,0.0,0,24783078088,,,,,,,,,,,
1,91-365,194,quarter,20250515002475,ok,분기보고서 (2025.03),2025,26166757513,26166757000.0,0.0,0,-699506908,,,,-726079375,,,,6237780436,,,
1,91-365,91,quarter,20250515002857,ok,분기보고서 (2025.03),2025,103786591922,102468953710.0,0.012696,0,1945253110,5547406745.0,1.851766,0,2096143804,2096143804.0,0.0,0,17012573963,17012573963.0,0.0,0
,0-30,12,half,20250515002913,제외: 결산월 12월 아님,반기보고서 (2025.03),2025,,,,,,,,,,,,,,,,
1,91-365,302,correction,20250526000370,ok,[기재정정]사업보고서 (2024.12),2025,59815181000000,59815181000000.0,0.0,0,5028606000000,,,,,,,,,,,
1,31-90,70,correction,20250605000505,ok,[기재정정]사업보고서 (2024.12),2025,18850797039,18851000000.0,1.1e-05,0,-46345997273,-46346000000.0,0.0,0,-38232332659,-38232000000.0,9e-06,0,101357084787,101357000000.0,1e-06,0
0,0-30,9,correction,20250702000461,ok,[기재정정]사업보고서 (2024.12),2025,63085923482,63085923000.0,0.0,0,4809933217,4809933000.0,0.0,0,2307588314,2307588000.0,0.0,0,38212514888,38212515000.0,0.0,0
1,0-30,8,correction,20250814000719,요약재무정보 절 없음,[첨부정정]사업보고서 (2024.12),2025,19541787680,,,,-49441664828,,,,-926704867,,,,116304050890,,,
,91-365,183,quarter,20250814001653,제외: 결산월 12월 아님,분기보고서 (2025.06),2025,,,,,,,,,,,,,,,,
0,31-90,60,correction,20250814001946,ok,[기재정정]분기보고서 (2025.03),2025,5051536074,6476881340.0,0.282161,0,-1105901896,,,,-845510019,,,,20554642952,,,
1,91-365,259,half,20250814003444,ok,반기보고서 (2025.06),2025,-42258092677,-42258000000.0,2e-06,0,,,,,,,,,,,,
1,0-30,13,quarter,20251113000523,ok,분기보고서 (2025.09),2025,2648813769000,,,,,,,,,,,,,,,
1,31-90,31,quarter,20251114001004,ok,분기보고서 (2025.09),2025,16734890929,16734891000.0,0.0,0,,,,,,,,,,,,
1,91-365,125,annual,20260319001219,ok,[첨부추가]사업보고서 (2025.12),2026,246988535638,246988535000.0,0.0,0,-15865691092,-15865691000.0,0.0,0,-6626642816,-6626642000.0,0.0,0,501552720795,501552721000.0,0.0,0
1,0-30,4,annual,20260319001332,ok,사업보고서 (2025.12),2026,650845160180,650845000000.0,0.0,0,53744637813,53745000000.0,7e-06,0,71341515441,71342000000.0,7e-06,0,545404261988,545404000000.0,0.0,0
1,91-365,137,annual,20260320001346,ok,사업보고서 (2025.12),2026,106929208584,106929209000.0,0.0,0,-7101548368,-7101548000.0,0.0,0,-8908556551,-8908557000.0,0.0,0,73543971242,73543971000.0,0.0,0
1,31-90,71,annual,20260323001288,ok,사업보고서 (2025.12),2026,160095655445,160095000000.0,4e-06,0,2011616880,2012000000.0,0.00019,0,8654871859,8655000000.0,1.5e-05,0,250083513076,250084000000.0,2e-06,0
1,0-30,12,correction,20260326000737,ok,[기재정정]사업보고서 (2025.12),2026,341353786422,341353786422.0,0.0,0,25566797700,25566797700.0,0.0,0,15534294993,15534294993.0,0.0,0,107958290033,107958290033.0,0.0,0
1,31-90,68,correction,20260403002513,ok,[기재정정]사업보고서 (2025.12),2026,2025734428681,2025734428681.0,0.0,0,-719360650768,-719360650768.0,0.0,0,-305025449873,-305025449873.0,0.0,0,1840036441822,1840036441822.0,0.0,0
1,31-90,32,quarter,20260514001043,단위 없음,분기보고서 (2026.03),2026,80856675584,,,,2429621789,,,,1629261374,,,,27707437139,,,
1,31-90,40,quarter,20260515002929,단위 없음,분기보고서 (2026.03),2026,37414494359,,,,-328028752,,,,-6663381,,,,23929504855,,,
1,0-30,28,correction,20260601001354,ok,[기재정정]사업보고서 (2025.12),2026,221320256952,221321000000.0,3e-06,0,-33653431304,-33653000000.0,1.3e-05,0,-37551092502,-37551000000.0,2e-06,0,32263951723,32264000000.0,1e-06,0
1,31-90,73,correction,20260601001725,ok,[기재정정]사업보고서 (2025.12),2026,10998929848586,11184218000000.0,0.016846,0,770249337092,770249000000.0,0.0,0,1231926775791,1231927000000.0,0.0,0,16587850779912,16587851000000.0,0.0,0
0,0-30,0,correction,20260626000019,맞는 표 없음(연결/별도),[기재정정]사업보고서 (2025.12),2026,58161987983,,,,-12520976720,,,,-7530927546,,,,,,,
0,31-90,52,correction,20260707000351,ok,[기재정정]사업보고서 (2025.12),2026,139948883795,139949000000.0,1e-06,0,15257576095,15258000000.0,2.8e-05,0,11724632183,11725000000.0,3.1e-05,0,202401496497,202401000000.0,2e-06,0
