filing_id,rcept_no,rcept_date,kind,title,numbers_rcept_no,numbers_date,gap_days,gap_band,year
36525,20230228006854,2023-03-02,correction,[기재정정]분기보고서 (2021.03),20230228006860,2023-02-28,-2,neg,2023
36524,20230228006865,2023-03-02,correction,[기재정정]분기보고서 (2022.03),20230228006870,2023-02-28,-2,neg,2023
36966,20230316000770,2023-03-16,annual,사업보고서 (2022.12),20230323001253,2023-03-23,7,0-30,2023
36821,20230321000819,2023-03-21,annual,사업보고서 (2022.12),20230515000543,2023-05-15,55,31-90,2023
36792,20230321001268,2023-03-21,annual,사업보고서 (2022.12),20230323001434,2023-03-23,2,0-30,2023
36786,20230321001310,2023-03-21,annual,사업보고서 (2022.12),20250320000002,2025-03-20,730,366+,2023
36679,20230323000032,2023-03-23,correction,[기재정정]사업보고서 (2022.12),20230323000039,2023-03-23,0,0-30,2023
36566,20230327000330,2023-03-27,correction,[기재정정]사업보고서 (2022.12),20230714000395,2023-07-14,109,91-365,2023
36545,20230331000352,2023-03-31,correction,[기재정정]사업보고서 (2022.12),20240412002739,2024-04-12,378,366+,2023
36540,20230331002018,2023-03-31,correction,[기재정정]사업보고서 (2022.12),20230731000299,2023-07-31,122,91-365,2023
37034,20230417000204,2023-04-17,correction,[기재정정]사업보고서 (2022.12),20230814001661,2023-08-14,119,91-365,2023
37104,20230515001729,2023-05-15,quarter,분기보고서 (2023.03),20230516000264,2023-05-16,1,0-30,2023
37055,20230526000410,2023-05-26,correction,[기재정정]사업보고서 (2022.12),20251222000330,2025-12-22,941,366+,2023
37373,20230814000428,2023-08-14,half,반기보고서 (2023.06),20240214000694,2024-02-14,184,91-365,2023
37332,20230814001397,2023-08-14,half,반기보고서 (2023.06),20241230000614,2024-12-30,504,366+,2023
37313,20230814001688,2023-08-14,half,반기보고서 (2023.06),20241218000076,2024-12-18,492,366+,2023
37312,20230814001699,2023-08-14,half,반기보고서 (2023.06),20231108000479,2023-11-08,86,31-90,2023
37290,20230814002128,2023-08-14,half,반기보고서 (2023.06),20241220000397,2024-12-20,494,366+,2023
37258,20230814002629,2023-08-14,half,반기보고서 (2023.06),20250827000160,2025-08-27,744,366+,2023
37473,20231019000287,2023-10-19,annual,사업보고서 (2023.07),20240118000098,2024-01-18,91,91-365,2023
37468,20231103000371,2023-11-03,correction,[기재정정]사업보고서 (2022.12),20250605000501,2025-06-05,580,366+,2023
37599,20231113000397,2023-11-13,quarter,분기보고서 (2023.09),20251222000387,2025-12-22,770,366+,2023
37531,20231114002239,2023-11-14,quarter,분기보고서 (2023.09),20231228000569,2023-12-28,44,31-90,2023
37496,20231114002985,2023-11-14,quarter,분기보고서 (2023.09),20231228000690,2023-12-28,44,31-90,2023
37488,20231114003044,2023-11-14,quarter,분기보고서 (2023.09),20231115000353,2023-11-15,1,0-30,2023
37619,20231227000624,2023-12-27,correction,[기재정정]분기보고서 (2023.09),20240221002032,2024-02-21,56,31-90,2023
37632,20240307000697,2024-03-07,annual,사업보고서 (2023.12),20240426000802,2024-04-26,50,31-90,2024
38122,20240313001159,2024-03-13,annual,사업보고서 (2023.12),20260206000242,2026-02-06,695,366+,2024
38034,20240315000783,2024-03-15,annual,사업보고서 (2023.12),20240422000477,2024-04-22,38,31-90,2024
38006,20240318000635,2024-03-18,annual,사업보고서 (2023.12),20240502000081,2024-05-02,45,31-90,2024
37964,20240319000748,2024-03-19,annual,사업보고서 (2023.12),20250624000167,2025-06-24,462,366+,2024
37926,20240320001184,2024-03-20,annual,사업보고서제출기한연장신고서 (2023.12),20250728000408,2025-07-29,496,366+,2024
37922,20240320001267,2024-03-20,annual,사업보고서 (2023.12),20240729000292,2024-07-29,131,91-365,2024
37892,20240320001593,2024-03-20,annual,사업보고서 (2023.12),20251218000264,2025-12-18,638,366+,2024
37839,20240320002013,2024-03-20,annual,사업보고서 (2023.12),20240516001723,2024-05-16,57,31-90,2024
37811,20240321000726,2024-03-21,annual,사업보고서 (2023.12),20250521000331,2025-05-21,426,366+,2024
37749,20240321001857,2024-03-21,annual,사업보고서 (2023.12),20240514001244,2024-05-14,54,31-90,2024
37704,20240322001076,2024-03-22,annual,사업보고서제출기한연장신고서 (2023.12),20260429000782,2026-04-29,768,366+,2024
37692,20240327001232,2024-03-27,correction,[기재정정]사업보고서 (2020.12),20240516002209,2024-05-16,50,31-90,2024
37683,20240328001723,2024-03-28,correction,[기재정정]사업보고서 (2023.12),20251218000264,2025-12-18,630,366+,2024
37674,20240329001508,2024-03-29,correction,[첨부정정]사업보고서 (2023.12),20240401001225,2024-04-01,3,0-30,2024
37664,20240401001427,2024-04-01,annual,사업보고서 (2023.12),20240411003898,2024-04-11,10,0-30,2024
37663,20240401001446,2024-04-01,correction,[기재정정]사업보고서 (2022.12),20260402001188,2026-04-02,731,366+,2024
38163,20240425000282,2024-04-25,correction,[기재정정]사업보고서 (2023.12),20260206000242,2026-02-06,652,366+,2024
38276,20240516000469,2024-05-16,quarter,분기보고서 (2024.03),20240523000103,2024-05-23,7,0-30,2024
38391,20240715000243,2024-07-15,half,반기보고서 (2024.05),20250114000369,2025-01-14,183,91-365,2024
38560,20240813001408,2024-08-13,half,반기보고서 (2024.06),20260701000495,2026-07-01,687,366+,2024
38473,20240814003213,2024-08-14,correction,[기재정정]반기보고서 (2024.06),20241226000148,2024-12-26,134,91-365,2024
38421,20240814004477,2024-08-14,half,반기보고서 (2024.06),20240830001779,2024-08-30,16,0-30,2024
38418,20240814004527,2024-08-14,half,반기보고서 (2024.06),20241025000143,2024-10-25,72,31-90,2024
38399,20240829001106,2024-08-29,half,반기보고서 (2024.06),20250103000130,2025-01-03,127,91-365,2024
38684,20241113000731,2024-11-13,quarter,분기보고서 (2024.09),20260813001704,2026-08-13,638,366+,2024
38739,20250314000996,2025-03-14,annual,사업보고서 (2024.12),20250731000339,2025-07-31,139,91-365,2025
39263,20250318001444,2025-03-18,annual,사업보고서 (2024.12),20250814000789,2025-08-14,149,91-365,2025
39248,20250319000635,2025-03-19,annual,사업보고서 (2024.12),20250407004150,2025-04-07,19,0-30,2025
39173,20250320000980,2025-03-20,annual,사업보고서 (2024.12),20260317000903,2026-03-17,362,91-365,2025
39159,20250320001136,2025-03-20,annual,사업보고서 (2024.12),20250320001430,2025-03-20,0,0-30,2025
38951,20250325000522,2025-03-25,correction,[기재정정]사업보고서 (2024.12),20260206000326,2026-02-06,318,91-365,2025
38949,20250325000886,2025-03-25,correction,[기재정정]사업보고서 (2024.12),20250702000110,2025-07-02,99,91-365,2025
38947,20250325001066,2025-03-25,correction,[기재정정]사업보고서 (2024.12),20260701000540,2026-07-01,463,366+,2025
38880,20250407004348,2025-04-07,annual,사업보고서 (2024.12),20250421000041,2025-04-21,14,0-30,2025
39499,20250515001717,2025-05-15,quarter,분기보고서 (2025.03),20250530002184,2025-05-30,15,0-30,2025
39461,20250515002475,2025-05-15,quarter,분기보고서 (2025.03),20251125000706,2025-11-25,194,91-365,2025
39443,20250515002857,2025-05-15,quarter,분기보고서 (2025.03),20250814003652,2025-08-14,91,91-365,2025
39440,20250515002913,2025-05-15,half,반기보고서 (2025.03),20250527000560,2025-05-27,12,0-30,2025
39621,20250526000370,2025-05-26,correction,[기재정정]사업보고서 (2024.12),20260324000822,2026-03-24,302,91-365,2025
39612,20250605000505,2025-06-05,correction,[기재정정]사업보고서 (2024.12),20250814003868,2025-08-14,70,31-90,2025
39636,20250702000461,2025-07-02,correction,[기재정정]사업보고서 (2024.12),20250711000466,2025-07-11,9,0-30,2025
39730,20250814000719,2025-08-14,correction,[첨부정정]사업보고서 (2024.12),20250822000240,2025-08-22,8,0-30,2025
39710,20250814001653,2025-08-14,quarter,분기보고서 (2025.06),20260213000282,2026-02-13,183,91-365,2025
39703,20250814001946,2025-08-14,correction,[기재정정]분기보고서 (2025.03),20251010000411,2025-10-13,60,31-90,2025
39670,20250814003444,2025-08-14,half,반기보고서 (2025.06),20260430001340,2026-04-30,259,91-365,2025
39875,20251113000523,2025-11-13,quarter,분기보고서 (2025.09),20251126000171,2025-11-26,13,0-30,2025
39851,20251114001004,2025-11-14,quarter,분기보고서 (2025.09),20251215000171,2025-12-15,31,31-90,2025
39908,20260319001219,2026-03-19,annual,[첨부추가]사업보고서 (2025.12),20260722000434,2026-07-22,125,91-365,2026
40095,20260319001332,2026-03-19,annual,사업보고서 (2025.12),20260323001610,2026-03-23,4,0-30,2026
40058,20260320001346,2026-03-20,annual,사업보고서 (2025.12),20260804000547,2026-08-04,137,91-365,2026
40000,20260323001288,2026-03-23,annual,사업보고서 (2025.12),20260602000490,2026-06-02,71,31-90,2026
40396,20260326000737,2026-03-26,correction,[기재정정]사업보고서 (2025.12),20260407001497,2026-04-07,12,0-30,2026
40378,20260403002513,2026-04-03,correction,[기재정정]사업보고서 (2025.12),20260610000521,2026-06-10,68,31-90,2026
40519,20260514001043,2026-05-14,quarter,분기보고서 (2026.03),20260615000264,2026-06-15,32,31-90,2026
40435,20260515002929,2026-05-15,quarter,분기보고서 (2026.03),20260624000278,2026-06-24,40,31-90,2026
40562,20260601001354,2026-06-01,correction,[기재정정]사업보고서 (2025.12),20260629000350,2026-06-29,28,0-30,2026
40560,20260601001725,2026-06-01,correction,[기재정정]사업보고서 (2025.12),20260813001726,2026-08-13,73,31-90,2026
40575,20260626000019,2026-06-26,correction,[기재정정]사업보고서 (2025.12),20260626000038,2026-06-26,0,0-30,2026
40572,20260707000351,2026-07-07,correction,[기재정정]사업보고서 (2025.12),20260828000682,2026-08-28,52,31-90,2026
