band,item,n,changed_gt_0_5pct,changed_gt_5pct,sign_flips,share_changed
all,revenue,38,0,0,0,0.0
all,operating_income,39,0,0,0,0.0
all,net_income,35,4,4,1,0.114
all,equity,60,8,3,0,0.133
0-30,revenue,9,0,0,0,0.0
0-30,operating_income,10,0,0,0,0.0
0-30,net_income,8,0,0,0,0.0
0-30,equity,14,0,0,0,0.0
31-90,revenue,8,0,0,0,0.0
31-90,operating_income,8,0,0,0,0.0
31-90,net_income,7,0,0,0,0.0
31-90,equity,15,3,1,0,0.2
91-365,revenue,10,0,0,0,0.0
91-365,operating_income,10,0,0,0,0.0
91-365,net_income,9,2,2,1,0.222
91-365,equity,16,3,1,0,0.188
366+,revenue,11,0,0,0,0.0
366+,operating_income,11,0,0,0,0.0
366+,net_income,11,2,2,0,0.182
366+,equity,15,2,1,0,0.133
